<jar-versions>
	<jar name='activation.jar' specVersion='1.0' specVendor='Sun Microsystems, Inc.' specTitle='JavaBeans(TM) Activation Framework Specification' implVersion='1.0.2' implVendor='Sun Microsystems, Inc.' implTitle='JBoss [Zion]' implVendorID='com.sun' implURL='http://www.jboss.org/' sealed='false' md5Digest='fba5ffc4a5705e3e2675ff047788c8b4' />
	<jar name='antlr-2.7.5H3.jar' specVersion='4.0.3' specVendor='JBoss (http://www.jboss.org/)' specTitle='JBoss' implVersion='4.0.3SP1 (build: CVSTag=JBoss_4_0_3_SP1 date=200510241213)' implVendor='JBoss Inc.' implTitle='JBoss [Zion]' implVendorID='http://www.jboss.org/' implURL='http://www.jboss.org/' sealed='false' md5Digest='3c5e513eb4b685e31b1ee8d8ab343db3' />
	<jar name='applet.jar' specVersion='4.0.3' specVendor='JBoss (http://www.jboss.org/)' specTitle='JBoss' implVersion='4.0.3SP1 (build: CVSTag=JBoss_4_0_3_SP1 date=200510241224)' implVendor='JBoss Inc.' implTitle='JBoss [Zion]' implVendorID='http://www.jboss.org/' implURL='http://www.jboss.org/' sealed='false' md5Digest='7c49055ba228f8f556aa32de9dd30ff0' />
	<jar name='asm-attrs.jar' specVersion='4.0.3' specVendor='JBoss (http://www.jboss.org/)' specTitle='JBoss' implVersion='1.5.3' implVendor='France Telecom R&D' implTitle='ASM Attribute classes' implVendorID='http://www.jboss.org/' implURL='http://www.jboss.org/' sealed='false' md5Digest='d3b6e60cae66689d985d8a35639c3245' />
	<jar name='asm.jar' specVersion='4.0.3' specVendor='JBoss (http://www.jboss.org/)' specTitle='JBoss' implVersion='1.5.3' implVendor='France Telecom R&D' implTitle='ASM' implVendorID='http://www.jboss.org/' implURL='http://www.jboss.org/' sealed='false' md5Digest='72c68851e95812f32c36e19b4df5347a' />
	<jar name='autonumber-plugin.jar' specVersion='4.0.3' specVendor='JBoss (http://www.jboss.org/)' specTitle='JBoss' implVersion='4.0.3SP1 (build: CVSTag=JBoss_4_0_3_SP1 date=200510231054)' implVendor='JBoss.org' implTitle='JBoss [Zion]' implVendorID='http://www.jboss.org/' implURL='http://www.jboss.org/' sealed='false' md5Digest='2f23cdc43bc290b642eedc2a289641e7' />
	<jar name='avalon-framework.jar' specVersion='1.0' specVendor='Apache Software Foundation' specTitle='Avalon Framework API' implVersion='4.1.5' implVendor='Apache Software Foundation' implTitle='JBoss [Zion]' implVendorID='ASF' implURL='http://www.jboss.org/' sealed='false' md5Digest='8d3440e81f3ad3b0736faf911cb5655c' />
	<jar name='axis-ws4ee.jar' specVersion='4.0.3' specVendor='JBoss (http://www.jboss.org/)' specTitle='JBoss' implVersion='4.0.3SP1 (build: CVSTag=JBoss_4_0_3_SP1 date=200510241213)' implVendor='JBoss Inc.' implTitle='JBoss [Zion]' implVendorID='http://www.jboss.org/' implURL='http://www.jboss.org/' sealed='false' md5Digest='c011782a0fdd8ccccbc3ed24971c1f32' />
	<jar name='bcel.jar' specVersion='4.0.3' specVendor='JBoss (http://www.jboss.org/)' specTitle='JBoss' implVersion='4.0.3SP1 (build: CVSTag=JBoss_4_0_3_SP1 date=200510241213)' implVendor='JBoss Inc.' implTitle='JBoss [Zion]' implVendorID='http://www.jboss.org/' implURL='http://www.jboss.org/' sealed='false' md5Digest='58cb3f5b4f3d3afe4ec26a7829147469' />
	<jar name='bindingservice-plugin.jar' specVersion='4.0.3' specVendor='JBoss (http://www.jboss.org/)' specTitle='JBoss' implVersion='4.0.3SP1 (build: CVSTag=JBoss_4_0_3_SP1 date=200510231054)' implVendor='JBoss.org' implTitle='JBoss [Zion]' implVendorID='http://www.jboss.org/' implURL='http://www.jboss.org/' sealed='false' md5Digest='c52e60f1b05d653360d7930cb29034a' />
	<jar name='bsf.jar' specVersion='4.0.3' specVendor='JBoss (http://www.jboss.org/)' specTitle='JBoss' implVersion='4.0.3SP1 (build: CVSTag=JBoss_4_0_3_SP1 date=200510241213)' implVendor='JBoss Inc.' implTitle='JBoss [Zion]' implVendorID='http://www.jboss.org/' implURL='http://www.jboss.org/' sealed='false' md5Digest='9a22367f8e61bc82371444c3545dda2' />
	<jar name='bsh-1.3.0.jar' specVersion='4.0.3' specVendor='JBoss (http://www.jboss.org/)' specTitle='JBoss' implVersion='4.0.3SP1 (build: CVSTag=JBoss_4_0_3_SP1 date=200510241213)' implVendor='JBoss Inc.' implTitle='JBoss [Zion]' implVendorID='http://www.jboss.org/' implURL='http://www.jboss.org/' sealed='false' md5Digest='79509e64e2bf12f20dbef4a37b267c06' />
	<jar name='bsh-deployer.jar' specVersion='4.0.3' specVendor='JBoss (http://www.jboss.org/)' specTitle='JBoss' implVersion='4.0.3SP1 (build: CVSTag=JBoss_4_0_3_SP1 date=200510241213)' implVendor='JBoss Inc.' implTitle='JBoss [Zion]' implVendorID='http://www.jboss.org/' implURL='http://www.jboss.org/' sealed='false' md5Digest='5c6c23d12d1c9a929bab4ee37e2ce3ee' />
	<jar name='catalina-manager.jar' specVersion='4.0.3' specVendor='JBoss (http://www.jboss.org/)' specTitle='JBoss' implVersion='4.0.3SP1 (build: CVSTag=JBoss_4_0_3_SP1 date=200510241213)' implVendor='JBoss Inc.' implTitle='JBoss [Zion]' implVendorID='http://www.jboss.org/' implURL='http://www.jboss.org/' sealed='false' md5Digest='60452f89bbe670cd41487ca63995f6a3' />
	<jar name='catalina-optional.jar' specVersion='4.0.3' specVendor='JBoss (http://www.jboss.org/)' specTitle='JBoss' implVersion='4.0.3SP1 (build: CVSTag=JBoss_4_0_3_SP1 date=200510241213)' implVendor='JBoss Inc.' implTitle='JBoss [Zion]' implVendorID='http://www.jboss.org/' implURL='http://www.jboss.org/' sealed='false' md5Digest='a7ce8b76ead87150b9163602421f1ff2' />
	<jar name='catalina.jar' specVersion='4.0.3' specVendor='JBoss (http://www.jboss.org/)' specTitle='JBoss' implVersion='4.0.3SP1 (build: CVSTag=JBoss_4_0_3_SP1 date=200510241213)' implVendor='JBoss Inc.' implTitle='JBoss [Zion]' implVendorID='http://www.jboss.org/' implURL='http://www.jboss.org/' sealed='false' md5Digest='c1919ace96c0e145bcc32870b59df8b0' />
	<jar name='cglib-2.1_2jboss.jar' specVersion='4.0.3' specVendor='JBoss (http://www.jboss.org/)' specTitle='JBoss' implVersion='4.0.3SP1 (build: CVSTag=JBoss_4_0_3_SP1 date=200510241213)' implVendor='JBoss Inc.' implTitle='JBoss [Zion]' implVendorID='http://www.jboss.org/' implURL='http://www.jboss.org/' sealed='false' md5Digest='37d66af583d836ddbbb5fd770a90af24' />
	<jar name='commons-beanutils.jar' specVersion='1.6' specVendor='Apache Software Foundation' specTitle='Jakarta Commons Beanutils' implVersion='1.6' implVendor='Apache Software Foundation' implTitle='org.apache.commons.beanutils' implVendorID='http://www.jboss.org/' implURL='http://www.jboss.org/' sealed='false' md5Digest='c39b24ed821abaa72e8b7ffb7026543e' />
	<jar name='commons-codec-1.2.jar' specVersion='1.2' specVendor='Apache Software Foundation' specTitle='Jakarta Commons Codec' implVersion='1.2' implVendor='Apache Software Foundation' implTitle='org.apache.commons.codec.*' implVendorID='' implURL='http://www.jboss.org/' sealed='false' md5Digest='9b85989e0118b07e1ab5afe512ea0f40' />
	<jar name='commons-collections.jar' specVersion='2.1' specVendor='Apache Software Foundation' specTitle='JBoss' implVersion='2.1' implVendor='Apache Software Foundation' implTitle='JBoss [Zion]' implVendorID='http://www.jboss.org/' implURL='http://www.jboss.org/' sealed='false' md5Digest='48f3a3af1900a7eba7c0a99976f930f8' />
	<jar name='commons-digester-1.6.jar' specVersion='"1.6"' specVendor='"Apache Software Foundation"' specTitle='"Jakarta Commons Digester"' implVersion='"1.6"' implVendor='"Apache Software Foundation"' implTitle='"org.apache.commons.digester"' implVendorID='http://www.jboss.org/' implURL='http://www.jboss.org/' sealed='false' md5Digest='219f2e6025161eb4570c8f74d2fbc2b5' />
	<jar name='commons-discovery.jar' specVersion='1.0' specVendor='Apache Software Foundation' specTitle='JBoss' implVersion='0.2' implVendor='Apache Software Foundation' implTitle='JBoss [Zion]' implVendorID='http://www.jboss.org/' implURL='http://www.jboss.org/' sealed='false' md5Digest='e15110b3cf1b6800721602e9851a7635' />
	<jar name='commons-el.jar' specVersion='2.0' specVendor='Apache Software Foundation' specTitle='Jakarta Commons EL' implVersion='1.0' implVendor='Apache Software Foundation' implTitle='org.apache.commons.el' implVendorID='http://www.jboss.org/' implURL='http://www.jboss.org/' sealed='false' md5Digest='6605276019eb9176ec2330c9ad2eb666' />
	<jar name='commons-httpclient.jar' specVersion='' specVendor='Apache Software Foundation' specTitle='Jakarta Commons HttpClient' implVersion='2.0' implVendor='Apache Software Foundation' implTitle='JBoss [Zion]' implVendorID='' implURL='http://www.jboss.org/' sealed='false' md5Digest='afe313920e2a11bdd71f1ab3c0d175a1' />
	<jar name='commons-logging.jar' specVersion='1.0' specVendor='Apache Software Foundation' specTitle='JBoss' implVersion='1.0.3' implVendor='Apache Software Foundation' implTitle='JBoss [Zion]' implVendorID='http://www.jboss.org/' implURL='http://www.jboss.org/' sealed='false' md5Digest='45bd4c9c5302d95f8ba33ebaabe2534e' />
	<jar name='commons-modeler.jar' specVersion='1.1' specVendor='Apache Software Foundation' specTitle='JBoss' implVersion='1.1.0' implVendor='Apache Software Foundation' implTitle='JBoss [Zion]' implVendorID='org.apache' implURL='http://www.jboss.org/' sealed='false' md5Digest='8a70724702ac7261e932ce716f47441f' />
	<jar name='concurrent.jar' specVersion='1.3.4' specVendor='oswego.edu' specTitle='util.concurrent' implVersion='1.3.4 compiled: February 17 2005' implVendor='http://gee.cs.oswego.edu/dl/classes/EDU/oswego/cs/dl/util/concurrent/intro.html' implTitle='util.concurrent' implVendorID='http://www.jboss.org/' implURL='http://www.jboss.org/' sealed='false' md5Digest='ed8dcf7c2ddee8bf4078444966142d28' />
	<jar name='console-mgr-classes.jar' specVersion='4.0.3' specVendor='JBoss (http://www.jboss.org/)' specTitle='JBoss' implVersion='4.0.3SP1 (build: CVSTag=JBoss_4_0_3_SP1 date=200510241224)' implVendor='JBoss Inc.' implTitle='JBoss [Zion]' implVendorID='http://www.jboss.org/' implURL='http://www.jboss.org/' sealed='false' md5Digest='6bdc7022879998394425a2dfc42bee21' />
	<jar name='deployment-service.sar' specVersion='4.0.3' specVendor='JBoss (http://www.jboss.org/)' specTitle='JBoss' implVersion='4.0.3SP1 (build: CVSTag=JBoss_4_0_3_SP1 date=200510231054)' implVendor='JBoss.org' implTitle='JBoss [Zion]' implVendorID='http://www.jboss.org/' implURL='http://www.jboss.org/' sealed='false' md5Digest='7f6829686260ca70fb3e26c42f12a144' />
	<jar name='dom4j.jar' specVersion='1.6.1jboss' specVendor='www.dom4j.org' specTitle='dom4j' implVersion='1.6.1jboss' implVendor='JBoss Inc.' implTitle='dom4j' implVendorID='www.jboss.org' implURL='http://www.dom4j.org' sealed='false' md5Digest='dd1c94e85cb7e7dbd0fe0d82049a287' />
	<jar name='ejb-management.jar' specVersion='4.0.3' specVendor='JBoss (http://www.jboss.org/)' specTitle='JBoss' implVersion='4.0.3SP1 (build: CVSTag=JBoss_4_0_3_SP1 date=200510231054)' implVendor='JBoss.org' implTitle='JBoss [Zion]' implVendorID='http://www.jboss.org/' implURL='http://www.jboss.org/' sealed='false' md5Digest='aa69df5f977577177ba0ff4ed90b67e1' />
	<jar name='ejb3-persistence.jar' specVersion='public-draft' specVendor='Sun Microsystems, Inc.' specTitle='EJB' implVersion='public-draft August 4 2005' implVendor='hibernate.org' implTitle='EJB' implVendorID='http://www.jboss.org/' implURL='http://www.jboss.org/' sealed='false' md5Digest='ebb6970fb0af6fa8ea90d7e936dc932e' />
	<jar name='getopt.jar' specVersion='4.0.3' specVendor='JBoss (http://www.jboss.org/)' specTitle='JBoss' implVersion='4.0.3SP1 (build: CVSTag=JBoss_4_0_3_SP1 date=200510241213)' implVendor='JBoss Inc.' implTitle='JBoss [Zion]' implVendorID='http://www.jboss.org/' implURL='http://www.jboss.org/' sealed='false' md5Digest='6d50ed65855bad64be8df77752776c67' />
	<jar name='gnu-regexp.jar' specVersion='4.0.3' specVendor='JBoss (http://www.jboss.org/)' specTitle='JBoss' implVersion='4.0.3SP1 (build: CVSTag=JBoss_4_0_3_SP1 date=200510241213)' implVendor='JBoss Inc.' implTitle='JBoss [Zion]' implVendorID='http://www.jboss.org/' implURL='http://www.jboss.org/' sealed='false' md5Digest='56950b8cc18a6ffc0726b70f32e68f13' />
	<jar name='hibernate-annotations.jar' specVersion='4.0.3' specVendor='JBoss (http://www.jboss.org/)' specTitle='JBoss' implVersion='4.0.3SP1 (build: CVSTag=JBoss_4_0_3_SP1 date=200510241213)' implVendor='JBoss Inc.' implTitle='JBoss [Zion]' implVendorID='http://www.jboss.org/' implURL='http://www.jboss.org/' sealed='false' md5Digest='ec6cc7053498e529949a5f398077744c' />
	<jar name='hibernate-entitymanager.jar' specVersion='4.0.3' specVendor='JBoss (http://www.jboss.org/)' specTitle='JBoss' implVersion='4.0.3SP1 (build: CVSTag=JBoss_4_0_3_SP1 date=200510241213)' implVendor='JBoss Inc.' implTitle='JBoss [Zion]' implVendorID='http://www.jboss.org/' implURL='http://www.jboss.org/' sealed='false' md5Digest='2ed904add7ee4c13a656bbd55af0aec5' />
	<jar name='hibernate3.jar' specVersion='4.0.3' specVendor='JBoss (http://www.jboss.org/)' specTitle='JBoss' implVersion='4.0.3SP1 (build: CVSTag=JBoss_4_0_3_SP1 date=200510241213)' implVendor='JBoss Inc.' implTitle='JBoss [Zion]' implVendorID='http://www.jboss.org/' implURL='http://www.jboss.org/' sealed='false' md5Digest='99d240a518004cf70d64e0a9484a169b' />
	<jar name='hsqldb-plugin.jar' specVersion='4.0.3' specVendor='JBoss (http://www.jboss.org/)' specTitle='JBoss' implVersion='4.0.3SP1 (build: CVSTag=JBoss_4_0_3_SP1 date=200510231054)' implVendor='JBoss.org' implTitle='JBoss [Zion]' implVendorID='http://www.jboss.org/' implURL='http://www.jboss.org/' sealed='false' md5Digest='87b53b5fffc87d11d5956e396814ee53' />
	<jar name='hsqldb.jar' specVersion='4.0.3' specVendor='JBoss (http://www.jboss.org/)' specTitle='JBoss' implVersion='4.0.3SP1 (build: CVSTag=JBoss_4_0_3_SP1 date=200510231054)' implVendor='JBoss.org' implTitle='JBoss [Zion]' implVendorID='http://www.jboss.org/' implURL='http://www.jboss.org/' sealed='false' md5Digest='367e51e34fb3df894710d18528cc93a5' />
	<jar name='jacorb.jar' specVersion='4.0.3' specVendor='JBoss (http://www.jboss.org/)' specTitle='JBoss' implVersion='4.0.3SP1 (build: CVSTag=JBoss_4_0_3_SP1 date=200510241213)' implVendor='JBoss Inc.' implTitle='JBoss [Zion]' implVendorID='http://www.jboss.org/' implURL='http://www.jboss.org/' sealed='false' md5Digest='261624b25a2f0aeca74e6531d6bbfe55' />
	<jar name='jasper-compiler-jdt.jar' specVersion='4.0.3' specVendor='JBoss (http://www.jboss.org/)' specTitle='JBoss' implVersion='4.0.3SP1 (build: CVSTag=JBoss_4_0_3_SP1 date=200510241213)' implVendor='JBoss Inc.' implTitle='JBoss [Zion]' implVendorID='http://www.jboss.org/' implURL='http://www.jboss.org/' sealed='false' md5Digest='1685337cbe5a9b089733d599516c5abc' />
	<jar name='jasper-compiler.jar' specVersion='4.0.3' specVendor='JBoss (http://www.jboss.org/)' specTitle='JBoss' implVersion='4.0.3SP1 (build: CVSTag=JBoss_4_0_3_SP1 date=200510241213)' implVendor='JBoss Inc.' implTitle='JBoss [Zion]' implVendorID='http://www.jboss.org/' implURL='http://www.jboss.org/' sealed='false' md5Digest='6cdf06ce8d169c86cd556d970009d3cd' />
	<jar name='jasper-runtime.jar' specVersion='4.0.3' specVendor='JBoss (http://www.jboss.org/)' specTitle='JBoss' implVersion='4.0.3SP1 (build: CVSTag=JBoss_4_0_3_SP1 date=200510241213)' implVendor='JBoss Inc.' implTitle='JBoss [Zion]' implVendorID='http://www.jboss.org/' implURL='http://www.jboss.org/' sealed='false' md5Digest='dd710af1640b80f87ef4cefe486f201a' />
	<jar name='javassist.jar' specVersion='3.1RC2' specVendor='Shigeru Chiba, Tokyo Institute of Technology' specTitle='Javassist' implVersion='4.0.3SP1 (build: CVSTag=JBoss_4_0_3_SP1 date=200510241224)' implVendor='JBoss Inc.' implTitle='JBoss [Zion]' implVendorID='http://www.jboss.org/' implURL='http://www.jboss.org/' sealed='false' md5Digest='4d6a285fb7fbb4054a37872bf35da87d' />
	<jar name='javax.servlet.jar' specVersion='4.0.3' specVendor='JBoss (http://www.jboss.org/)' specTitle='JBoss' implVersion='4.0.3SP1 (build: CVSTag=JBoss_4_0_3_SP1 date=200510241213)' implVendor='JBoss Inc.' implTitle='JBoss [Zion]' implVendorID='http://www.jboss.org/' implURL='http://www.jboss.org/' sealed='false' md5Digest='3d1d3642edd7646f5df9a0021e50c47c' />
	<jar name='javax.servlet.jsp.jar' specVersion='4.0.3' specVendor='JBoss (http://www.jboss.org/)' specTitle='JBoss' implVersion='4.0.3SP1 (build: CVSTag=JBoss_4_0_3_SP1 date=200510241213)' implVendor='JBoss Inc.' implTitle='JBoss [Zion]' implVendorID='http://www.jboss.org/' implURL='http://www.jboss.org/' sealed='false' md5Digest='3af9f7f7f1f4bed46fedd18b230e2ba0' />
	<jar name='jboss-aop-jdk50-client.jar' specVersion='jboss-aop-1.3.4' specVendor='JBoss (http://www.jboss.org/)' specTitle='JBoss AOP Framework' implVersion='jboss-aop-1.3.4' implVendor='JBoss.org' implTitle='JBoss AOP Framework' implVendorID='http://www.jboss.org/' implURL='http://www.jboss.org/' sealed='false' md5Digest='47155135d66b4e6646526d31d9eaec58' />
	<jar name='jboss-aop.jar' specVersion='jboss-aop-1.3.4' specVendor='JBoss (http://www.jboss.org/)' specTitle='JBoss AOP Framework' implVersion='jboss-aop-1.3.4' implVendor='JBoss.org' implTitle='JBoss AOP Framework' implVendorID='http://www.jboss.org/' implURL='http://www.jboss.org/' sealed='false' md5Digest='158ea776ef43d4536552d9be7759d493' />
	<jar name='jboss-aspect-library.jar' specVersion='jboss-aspect-library-1.3' specVendor='JBoss (http://www.jboss.org/)' specTitle='JBoss AOP Aspect Library' implVersion='jboss-aspect-library-1.3' implVendor='JBoss.org' implTitle='JBoss AOP Aspect Library' implVendorID='http://www.jboss.org/' implURL='http://www.jboss.org/' sealed='false' md5Digest='27f97d7d3635adb5bc2b12d278f42b9f' />
	<jar name='jboss-bean-deployer.jar' specVersion='4.0.3' specVendor='JBoss (http://www.jboss.org/)' specTitle='JBoss' implVersion='4.0.3SP1 (build: CVSTag=JBoss_4_0_3_SP1 date=200510231054)' implVendor='JBoss.org' implTitle='JBoss [Zion]' implVendorID='http://www.jboss.org/' implURL='http://www.jboss.org/' sealed='false' md5Digest='c5a1bd5e7a8f636e6129b2b126781842' />
	<jar name='jboss-cache.jar' specVersion='1.2.3.1' specVendor='JBoss Inc.' specTitle='JBossCache' implVersion='1.2.3.1' implVendor='JBoss Inc.' implTitle='JBossCache' implVendorID='http://www.jboss.org/' implURL='http://www.jboss.org/' sealed='false' md5Digest='72b3b77ef779f02978daa9d6260ea472' />
	<jar name='jboss-client.jar' specVersion='4.0.3' specVendor='JBoss (http://www.jboss.org/)' specTitle='JBoss' implVersion='4.0.3SP1 (build: CVSTag=JBoss_4_0_3_SP1 date=200510231054)' implVendor='JBoss.org' implTitle='JBoss [Zion]' implVendorID='http://www.jboss.org/' implURL='http://www.jboss.org/' sealed='false' md5Digest='5a5e38843c8f503a97a5749a12587125' />
	<jar name='jboss-common-client.jar' specVersion='4.0.3' specVendor='JBoss (http://www.jboss.org/)' specTitle='JBoss' implVersion='4.0.3SP1 (build: CVSTag=JBoss_4_0_3_SP1 date=200510231054)' implVendor='JBoss.org' implTitle='JBoss [Zion]' implVendorID='http://www.jboss.org/' implURL='http://www.jboss.org/' sealed='false' md5Digest='e18291140a2efc53e2b826b11244590c' />
	<jar name='jboss-common-jdbc-wrapper.jar' specVersion='4.0.3' specVendor='JBoss (http://www.jboss.org/)' specTitle='JBoss' implVersion='4.0.3SP1 (build: CVSTag=JBoss_4_0_3_SP1 date=200510231054)' implVendor='JBoss.org' implTitle='JBoss [Zion]' implVendorID='http://www.jboss.org/' implURL='http://www.jboss.org/' sealed='false' md5Digest='21f50ae0e69b37050d5c66f38bd89cf8' />
	<jar name='jboss-common.jar' specVersion='4.0.3' specVendor='JBoss (http://www.jboss.org/)' specTitle='JBoss' implVersion='4.0.3SP1 (build: CVSTag=JBoss_4_0_3_SP1 date=200510231054)' implVendor='JBoss.org' implTitle='JBoss [Zion]' implVendorID='http://www.jboss.org/' implURL='http://www.jboss.org/' sealed='false' md5Digest='39d407ff942d7b45ffba8f447d63019f' />
	<jar name='jboss-container.jar' specVersion='5.0.0' specVendor='JBoss (http://www.jboss.org/)' specTitle='JBoss' implVersion='5.0.0alpha (build: CVSTag=HEAD date=200509161807)' implVendor='JBoss.org' implTitle='JBoss [TheOne]' implVendorID='http://www.jboss.org/' implURL='http://www.jboss.org/' sealed='false' md5Digest='47c0f6ad2ad7d8187973b4d426c2498c' />
	<jar name='jboss-dependency.jar' specVersion='5.0.0' specVendor='JBoss (http://www.jboss.org/)' specTitle='JBoss' implVersion='5.0.0alpha (build: CVSTag=HEAD date=200509161807)' implVendor='JBoss.org' implTitle='JBoss [TheOne]' implVendorID='http://www.jboss.org/' implURL='http://www.jboss.org/' sealed='false' md5Digest='1b2150043d1c360f7bb8a453d0068dd3' />
	<jar name='jboss-deployment.jar' specVersion='1.1' specVendor='Sun Microsystems, Inc.' specTitle='J2EE Deployment API' implVersion='1.1-DEV' implVendor='JBoss Inc.' implTitle='JBoss JSR-88 Deployment API' implVendorID='http://www.jboss.org/' implURL='http://www.jboss.org/' sealed='false' md5Digest='9deec2f8adac35f559260adcb82a0257' />
	<jar name='jboss-ha-local-jdbc.rar' specVersion='4.0.3' specVendor='JBoss (http://www.jboss.org/)' specTitle='JBoss' implVersion='4.0.3SP1 (build: CVSTag=JBoss_4_0_3_SP1 date=200510231054)' implVendor='JBoss.org' implTitle='JBoss [Zion]' implVendorID='http://www.jboss.org/' implURL='http://www.jboss.org/' sealed='false' md5Digest='ec994d7801e52d051a276e76188c2362' />
	<jar name='jboss-ha-xa-jdbc.rar' specVersion='4.0.3' specVendor='JBoss (http://www.jboss.org/)' specTitle='JBoss' implVersion='4.0.3SP1 (build: CVSTag=JBoss_4_0_3_SP1 date=200510231054)' implVendor='JBoss.org' implTitle='JBoss [Zion]' implVendorID='http://www.jboss.org/' implURL='http://www.jboss.org/' sealed='false' md5Digest='f7b5306cb41f46ccd1103fbae5de3dbf' />
	<jar name='jboss-hibernate.jar' specVersion='4.0.3' specVendor='JBoss (http://www.jboss.org/)' specTitle='JBoss' implVersion='4.0.3SP1 (build: CVSTag=JBoss_4_0_3_SP1 date=200510241213)' implVendor='JBoss Inc.' implTitle='JBoss [Zion]' implVendorID='http://www.jboss.org/' implURL='http://www.jboss.org/' sealed='false' md5Digest='b97ef8b65e505ba3fd29a483358a4e73' />
	<jar name='jboss-iiop-client.jar' specVersion='4.0.3' specVendor='JBoss (http://www.jboss.org/)' specTitle='JBoss' implVersion='4.0.3SP1 (build: CVSTag=JBoss_4_0_3_SP1 date=200510231054)' implVendor='JBoss.org' implTitle='JBoss [Zion]' implVendorID='http://www.jboss.org/' implURL='http://www.jboss.org/' sealed='false' md5Digest='47ed24d0c1e13a1ae6bfd6cbd1dcd4e2' />
	<jar name='jboss-iiop.jar' specVersion='4.0.3' specVendor='JBoss (http://www.jboss.org/)' specTitle='JBoss' implVersion='4.0.3SP1 (build: CVSTag=JBoss_4_0_3_SP1 date=200510231054)' implVendor='JBoss.org' implTitle='JBoss [Zion]' implVendorID='http://www.jboss.org/' implURL='http://www.jboss.org/' sealed='false' md5Digest='e8e1fa1ef6565030c9072952b586c5ec' />
	<jar name='jboss-j2ee.jar' specVersion='4.0.3' specVendor='JBoss (http://www.jboss.org/)' specTitle='JBoss' implVersion='4.0.3SP1 (build: CVSTag=JBoss_4_0_3_SP1 date=200510231054)' implVendor='JBoss.org' implTitle='JBoss [Zion]' implVendorID='http://www.jboss.org/' implURL='http://www.jboss.org/' sealed='false' md5Digest='5142c3eb534fae96eb8515672a2adec6' />
	<jar name='jboss-jaxrpc.jar' specVersion='4.0.3' specVendor='JBoss (http://www.jboss.org/)' specTitle='JBoss' implVersion='4.0.3SP1 (build: CVSTag=JBoss_4_0_3_SP1 date=200510231054)' implVendor='JBoss.org' implTitle='JBoss [Zion]' implVendorID='http://www.jboss.org/' implURL='http://www.jboss.org/' sealed='false' md5Digest='9d4bb0c811e8d758ec9c79f98151b97b' />
	<jar name='jboss-jca.jar' specVersion='4.0.3' specVendor='JBoss (http://www.jboss.org/)' specTitle='JBoss' implVersion='4.0.3SP1 (build: CVSTag=JBoss_4_0_3_SP1 date=200510231054)' implVendor='JBoss.org' implTitle='JBoss [Zion]' implVendorID='http://www.jboss.org/' implURL='http://www.jboss.org/' sealed='false' md5Digest='2e66874bb6a455dcd6356fa7a4e286f8' />
	<jar name='jboss-jmx.jar' specVersion='4.0.3' specVendor='JBoss (http://www.jboss.org/)' specTitle='JBoss' implVersion='4.0.3SP1 (build: CVSTag=JBoss_4_0_3_SP1 date=200510231054)' implVendor='JBoss.org' implTitle='JBoss [Zion]' implVendorID='http://www.jboss.org/' implURL='http://www.jboss.org/' sealed='false' md5Digest='4834497983919c5d6823d7a7977b13c8' />
	<jar name='jboss-jsr77-client.jar' specVersion='4.0.3' specVendor='JBoss (http://www.jboss.org/)' specTitle='JBoss' implVersion='4.0.3SP1 (build: CVSTag=JBoss_4_0_3_SP1 date=200510231054)' implVendor='JBoss.org' implTitle='JBoss [Zion]' implVendorID='http://www.jboss.org/' implURL='http://www.jboss.org/' sealed='false' md5Digest='ba14bbf9f993da09de30f84a669964f5' />
	<jar name='jboss-jsr77.jar' specVersion='4.0.3' specVendor='JBoss (http://www.jboss.org/)' specTitle='JBoss' implVersion='4.0.3SP1 (build: CVSTag=JBoss_4_0_3_SP1 date=200510231054)' implVendor='JBoss.org' implTitle='JBoss [Zion]' implVendorID='http://www.jboss.org/' implURL='http://www.jboss.org/' sealed='false' md5Digest='2235098f0966aed8d4c650c9252b2e03' />
	<jar name='jboss-jsr88.jar' specVersion='4.0.3' specVendor='JBoss (http://www.jboss.org/)' specTitle='JBoss' implVersion='4.0.3SP1 (build: CVSTag=JBoss_4_0_3_SP1 date=200510241213)' implVendor='JBoss Inc.' implTitle='JBoss [Zion]' implVendorID='http://www.jboss.org/' implURL='http://www.jboss.org/' sealed='false' md5Digest='964c15be3933572169cfc869ef0b80dd' />
	<jar name='jboss-local-jdbc.rar' specVersion='4.0.3' specVendor='JBoss (http://www.jboss.org/)' specTitle='JBoss' implVersion='4.0.3SP1 (build: CVSTag=JBoss_4_0_3_SP1 date=200510231054)' implVendor='JBoss.org' implTitle='JBoss [Zion]' implVendorID='http://www.jboss.org/' implURL='http://www.jboss.org/' sealed='false' md5Digest='aaffa6b2ea398e0b7857b15258a0a75e' />
	<jar name='jboss-management.jar' specVersion='4.0.3' specVendor='JBoss (http://www.jboss.org/)' specTitle='JBoss' implVersion='4.0.3SP1 (build: CVSTag=JBoss_4_0_3_SP1 date=200510231054)' implVendor='JBoss.org' implTitle='JBoss [Zion]' implVendorID='http://www.jboss.org/' implURL='http://www.jboss.org/' sealed='false' md5Digest='1e07177601611f856c3d916bac77e21e' />
	<jar name='jboss-microcontainer.jar' specVersion='5.0.0' specVendor='JBoss (http://www.jboss.org/)' specTitle='JBoss' implVersion='5.0.0alpha (build: CVSTag=HEAD date=200509161807)' implVendor='JBoss.org' implTitle='JBoss [TheOne]' implVendorID='http://www.jboss.org/' implURL='http://www.jboss.org/' sealed='false' md5Digest='b59ccb34a209459edddbe3a4cc308d1d' />
	<jar name='jboss-minimal.jar' specVersion='4.0.3' specVendor='JBoss (http://www.jboss.org/)' specTitle='JBoss' implVersion='4.0.3SP1 (build: CVSTag=JBoss_4_0_3_SP1 date=200510231054)' implVendor='JBoss.org' implTitle='JBoss [Zion]' implVendorID='http://www.jboss.org/' implURL='http://www.jboss.org/' sealed='false' md5Digest='45ec56d55c67595bed05420a52beb894' />
	<jar name='jboss-monitoring.jar' specVersion='4.0.3' specVendor='JBoss (http://www.jboss.org/)' specTitle='JBoss' implVersion='4.0.3SP1 (build: CVSTag=JBoss_4_0_3_SP1 date=200510231054)' implVendor='JBoss.org' implTitle='JBoss [Zion]' implVendorID='http://www.jboss.org/' implURL='http://www.jboss.org/' sealed='false' md5Digest='ec979422bc32b09c3c6cda3967f07760' />
	<jar name='jboss-net-client.jar' specVersion='4.0.3' specVendor='JBoss (http://www.jboss.org/)' specTitle='JBoss' implVersion='4.0.3SP1 (build: CVSTag=JBoss_4_0_3_SP1 date=200510241213)' implVendor='JBoss Inc.' implTitle='JBoss [Zion]' implVendorID='http://www.jboss.org/' implURL='http://www.jboss.org/' sealed='false' md5Digest='698b929fab16217ff8cc623d96f2c2e4' />
	<jar name='jboss-net-taglib.jar' specVersion='4.0.3' specVendor='JBoss (http://www.jboss.org/)' specTitle='JBoss' implVersion='4.0.3SP1 (build: CVSTag=JBoss_4_0_3_SP1 date=200510241213)' implVendor='JBoss Inc.' implTitle='JBoss [Zion]' implVendorID='http://www.jboss.org/' implURL='http://www.jboss.org/' sealed='false' md5Digest='51bc33643dd98b8eae1f0f8927bbcbb9' />
	<jar name='jboss-net.jar' specVersion='4.0.3' specVendor='JBoss (http://www.jboss.org/)' specTitle='JBoss' implVersion='4.0.3SP1 (build: CVSTag=JBoss_4_0_3_SP1 date=200510241213)' implVendor='JBoss Inc.' implTitle='JBoss [Zion]' implVendorID='http://www.jboss.org/' implURL='http://www.jboss.org/' sealed='false' md5Digest='6b26cb52ca198bf6fc1e6b75f02f5c3f' />
	<jar name='jboss-remoting.jar' specVersion='4.0.3' specVendor='JBoss (http://www.jboss.org/)' specTitle='JBoss' implVersion='4.0.3SP1 (build: CVSTag=JBoss_4_0_3_SP1 date=200510241213)' implVendor='JBoss Inc.' implTitle='JBoss [Zion]' implVendorID='http://www.jboss.org/' implURL='http://www.jboss.org/' sealed='false' md5Digest='2561bd148c5a389fe91190c92331e28' />
	<jar name='jboss-saaj.jar' specVersion='4.0.3' specVendor='JBoss (http://www.jboss.org/)' specTitle='JBoss' implVersion='4.0.3SP1 (build: CVSTag=JBoss_4_0_3_SP1 date=200510231054)' implVendor='JBoss.org' implTitle='JBoss [Zion]' implVendorID='http://www.jboss.org/' implURL='http://www.jboss.org/' sealed='false' md5Digest='cf2eea41fe237a79779855fc61188a4e' />
	<jar name='jboss-system-client.jar' specVersion='4.0.3' specVendor='JBoss (http://www.jboss.org/)' specTitle='JBoss' implVersion='4.0.3SP1 (build: CVSTag=JBoss_4_0_3_SP1 date=200510231054)' implVendor='JBoss.org' implTitle='JBoss [Zion]' implVendorID='http://www.jboss.org/' implURL='http://www.jboss.org/' sealed='false' md5Digest='b98e0e21615ec8bf8b4ed427b75eacad' />
	<jar name='jboss-system.jar' specVersion='4.0.3' specVendor='JBoss (http://www.jboss.org/)' specTitle='JBoss' implVersion='4.0.3SP1 (build: CVSTag=JBoss_4_0_3_SP1 date=200510231054)' implVendor='JBoss.org' implTitle='JBoss [Zion]' implVendorID='http://www.jboss.org/' implURL='http://www.jboss.org/' sealed='false' md5Digest='5673a01eeb5c8aa00cdf5b1057d50a29' />
	<jar name='jboss-transaction-client.jar' specVersion='4.0.3' specVendor='JBoss (http://www.jboss.org/)' specTitle='JBoss' implVersion='4.0.3SP1 (build: CVSTag=JBoss_4_0_3_SP1 date=200510231054)' implVendor='JBoss.org' implTitle='JBoss [Zion]' implVendorID='http://www.jboss.org/' implURL='http://www.jboss.org/' sealed='false' md5Digest='b726940b11b53aa39c0647b72b26a164' />
	<jar name='jboss-transaction.jar' specVersion='4.0.3' specVendor='JBoss (http://www.jboss.org/)' specTitle='JBoss' implVersion='4.0.3SP1 (build: CVSTag=JBoss_4_0_3_SP1 date=200510231054)' implVendor='JBoss.org' implTitle='JBoss [Zion]' implVendorID='http://www.jboss.org/' implURL='http://www.jboss.org/' sealed='false' md5Digest='b6c0d95e46a33d80e9f4fee264704898' />
	<jar name='jboss-ws4ee-client.jar' specVersion='4.0.3' specVendor='JBoss (http://www.jboss.org/)' specTitle='JBoss' implVersion='4.0.3SP1 (build: CVSTag=JBoss_4_0_3_SP1 date=200510241213)' implVendor='JBoss Inc.' implTitle='JBoss [Zion]' implVendorID='http://www.jboss.org/' implURL='http://www.jboss.org/' sealed='false' md5Digest='ef10ab8794f4b5ee6795aed4a87dd4df' />
	<jar name='jboss-ws4ee.jar' specVersion='4.0.3' specVendor='JBoss (http://www.jboss.org/)' specTitle='JBoss' implVersion='4.0.3SP1 (build: CVSTag=JBoss_4_0_3_SP1 date=200510241213)' implVendor='JBoss Inc.' implTitle='JBoss [Zion]' implVendorID='http://www.jboss.org/' implURL='http://www.jboss.org/' sealed='false' md5Digest='68f13aface3e4efce1b5f997330094cd' />
	<jar name='jboss-ws4ee.war' specVersion='4.0.3' specVendor='JBoss (http://www.jboss.org/)' specTitle='JBoss' implVersion='4.0.3SP1 (build: CVSTag=JBoss_4_0_3_SP1 date=200510241213)' implVendor='JBoss Inc.' implTitle='JBoss [Zion]' implVendorID='http://www.jboss.org/' implURL='http://www.jboss.org/' sealed='false' md5Digest='888fc67230a52e2fe13a2702a8d486d8' />
	<jar name='jboss-xa-jdbc.rar' specVersion='4.0.3' specVendor='JBoss (http://www.jboss.org/)' specTitle='JBoss' implVersion='4.0.3SP1 (build: CVSTag=JBoss_4_0_3_SP1 date=200510231054)' implVendor='JBoss.org' implTitle='JBoss [Zion]' implVendorID='http://www.jboss.org/' implURL='http://www.jboss.org/' sealed='false' md5Digest='598c7b8ab6e114e489997fb5508663c9' />
	<jar name='jboss.jar' specVersion='4.0.3' specVendor='JBoss (http://www.jboss.org/)' specTitle='JBoss' implVersion='4.0.3SP1 (build: CVSTag=JBoss_4_0_3_SP1 date=200510231054)' implVendor='JBoss.org' implTitle='JBoss [Zion]' implVendorID='http://www.jboss.org/' implURL='http://www.jboss.org/' sealed='false' md5Digest='44b8a1616bc0da0a828e37c974ac75c9' />
	<jar name='jbossall-client.jar' specVersion='4.0.3' specVendor='JBoss (http://www.jboss.org/)' specTitle='JBoss' implVersion='4.0.3SP1 (build: CVSTag=JBoss_4_0_3_SP1 date=200510241213)' implVendor='JBoss Inc.' implTitle='JBoss [Zion]' implVendorID='http://www.jboss.org/' implURL='http://www.jboss.org/' sealed='false' md5Digest='55ad53abe1cc0905350994375c8ec107' />
	<jar name='jbosscx-client.jar' specVersion='4.0.3' specVendor='JBoss (http://www.jboss.org/)' specTitle='JBoss' implVersion='4.0.3SP1 (build: CVSTag=JBoss_4_0_3_SP1 date=200510231054)' implVendor='JBoss.org' implTitle='JBoss [Zion]' implVendorID='http://www.jboss.org/' implURL='http://www.jboss.org/' sealed='false' md5Digest='99555a4779b51bcfcefba911942369b2' />
	<jar name='jbossha-client.jar' specVersion='4.0.3' specVendor='JBoss (http://www.jboss.org/)' specTitle='JBoss' implVersion='4.0.3SP1 (build: CVSTag=JBoss_4_0_3_SP1 date=200510231054)' implVendor='JBoss.org' implTitle='JBoss [Zion]' implVendorID='http://www.jboss.org/' implURL='http://www.jboss.org/' sealed='false' md5Digest='4b43239116a59b8a107c40731ee36b9' />
	<jar name='jbossha.jar' specVersion='4.0.3' specVendor='JBoss (http://www.jboss.org/)' specTitle='JBoss' implVersion='4.0.3SP1 (build: CVSTag=JBoss_4_0_3_SP1 date=200510231054)' implVendor='JBoss.org' implTitle='JBoss [Zion]' implVendorID='http://www.jboss.org/' implURL='http://www.jboss.org/' sealed='false' md5Digest='8fa8f46d615c70c2d9805a5e094c43f1' />
	<jar name='jbossjmx-ant.jar' specVersion='4.0.3' specVendor='JBoss (http://www.jboss.org/)' specTitle='JBoss' implVersion='4.0.3SP1 (build: CVSTag=JBoss_4_0_3_SP1 date=200510231054)' implVendor='JBoss.org' implTitle='JBoss [Zion]' implVendorID='http://www.jboss.org/' implURL='http://www.jboss.org/' sealed='false' md5Digest='509b1ac0115c2fda8cb85b4b6945599f' />
	<jar name='jbossmq-client.jar' specVersion='4.0.3' specVendor='JBoss (http://www.jboss.org/)' specTitle='JBoss' implVersion='4.0.3SP1 (build: CVSTag=JBoss_4_0_3_SP1 date=200510231054)' implVendor='JBoss.org' implTitle='JBoss [Zion]' implVendorID='http://www.jboss.org/' implURL='http://www.jboss.org/' sealed='false' md5Digest='cb543f77fd145152ba2da596ac9f8fea' />
	<jar name='jbossmq.jar' specVersion='4.0.3' specVendor='JBoss (http://www.jboss.org/)' specTitle='JBoss' implVersion='4.0.3SP1 (build: CVSTag=JBoss_4_0_3_SP1 date=200510231054)' implVendor='JBoss.org' implTitle='JBoss [Zion]' implVendorID='http://www.jboss.org/' implURL='http://www.jboss.org/' sealed='false' md5Digest='677097b31ca71cc4e2636c8629d11b26' />
	<jar name='jbosssx-client.jar' specVersion='4.0.3' specVendor='JBoss (http://www.jboss.org/)' specTitle='JBoss' implVersion='4.0.3SP1 (build: CVSTag=JBoss_4_0_3_SP1 date=200510231054)' implVendor='JBoss.org' implTitle='JBoss [Zion]' implVendorID='http://www.jboss.org/' implURL='http://www.jboss.org/' sealed='false' md5Digest='1d2ea7d5894a7e548be385cf77c23f80' />
	<jar name='jbosssx.jar' specVersion='4.0.3' specVendor='JBoss (http://www.jboss.org/)' specTitle='JBoss' implVersion='4.0.3SP1 (build: CVSTag=JBoss_4_0_3_SP1 date=200510231054)' implVendor='JBoss.org' implTitle='JBoss [Zion]' implVendorID='http://www.jboss.org/' implURL='http://www.jboss.org/' sealed='false' md5Digest='35c332eaa203f1c13edff92e28ca6714' />
	<jar name='jcommon.jar' specVersion='4.0.3' specVendor='JBoss (http://www.jboss.org/)' specTitle='JBoss' implVersion='4.0.3SP1 (build: CVSTag=JBoss_4_0_3_SP1 date=200510241224)' implVendor='JBoss Inc.' implTitle='JBoss [Zion]' implVendorID='http://www.jboss.org/' implURL='http://www.jboss.org/' sealed='false' md5Digest='d918d335bb43115c41d0bc7c953223e4' />
	<jar name='jfreechart.jar' specVersion='4.0.3' specVendor='JBoss (http://www.jboss.org/)' specTitle='JBoss' implVersion='4.0.3SP1 (build: CVSTag=JBoss_4_0_3_SP1 date=200510241224)' implVendor='JBoss Inc.' implTitle='JBoss [Zion]' implVendorID='http://www.jboss.org/' implURL='http://www.jboss.org/' sealed='false' md5Digest='12ccc398e1fafba45196e0236d5924ff' />
	<jar name='jgroups.jar' specVersion='4.0.3' specVendor='JBoss (http://www.jboss.org/)' specTitle='JBoss' implVersion='4.0.3SP1 (build: CVSTag=JBoss_4_0_3_SP1 date=200510241213)' implVendor='JBoss Inc.' implTitle='JBoss [Zion]' implVendorID='http://www.jboss.org/' implURL='http://www.jboss.org/' sealed='false' md5Digest='1792dd6a2c3dae02c026403eb154fc32' />
	<jar name='jms-ra.rar' specVersion='4.0.3' specVendor='JBoss (http://www.jboss.org/)' specTitle='JBoss' implVersion='4.0.3SP1 (build: CVSTag=JBoss_4_0_3_SP1 date=200510231054)' implVendor='JBoss.org' implTitle='JBoss [Zion]' implVendorID='http://www.jboss.org/' implURL='http://www.jboss.org/' sealed='false' md5Digest='b9e331c037f2fcb1cc099f884cae1efe' />
	<jar name='jmx-adaptor-plugin.jar' specVersion='4.0.3' specVendor='JBoss (http://www.jboss.org/)' specTitle='JBoss' implVersion='4.0.3SP1 (build: CVSTag=JBoss_4_0_3_SP1 date=200510241213)' implVendor='JBoss Inc.' implTitle='JBoss [Zion]' implVendorID='http://www.jboss.org/' implURL='http://www.jboss.org/' sealed='false' md5Digest='f248a40bf038af2abe1e63643a700bb8' />
	<jar name='jmx-client.jar' specVersion='4.0.3' specVendor='JBoss (http://www.jboss.org/)' specTitle='JBoss' implVersion='4.0.3SP1 (build: CVSTag=JBoss_4_0_3_SP1 date=200510231054)' implVendor='JBoss.org' implTitle='JBoss [Zion]' implVendorID='http://www.jboss.org/' implURL='http://www.jboss.org/' sealed='false' md5Digest='b67672c561b1b994e4d5a0549d80d10a' />
	<jar name='jmx-invoker-adaptor-client.jar' specVersion='4.0.3' specVendor='JBoss (http://www.jboss.org/)' specTitle='JBoss' implVersion='4.0.3SP1 (build: CVSTag=JBoss_4_0_3_SP1 date=200510231054)' implVendor='JBoss.org' implTitle='JBoss [Zion]' implVendorID='http://www.jboss.org/' implURL='http://www.jboss.org/' sealed='false' md5Digest='e39b6a0d389c9b896b57de563cc046b9' />
	<jar name='jnp-client.jar' specVersion='4.0.3' specVendor='JBoss (http://www.jboss.org/)' specTitle='JBoss' implVersion='4.0.3SP1 (build: CVSTag=JBoss_4_0_3_SP1 date=200510231054)' implVendor='JBoss.org' implTitle='JBoss [Zion]' implVendorID='http://www.jboss.org/' implURL='http://www.jboss.org/' sealed='false' md5Digest='3a3f25bd2536a9078a8702e85a071501' />
	<jar name='jnpserver.jar' specVersion='4.0.3' specVendor='JBoss (http://www.jboss.org/)' specTitle='JBoss' implVersion='4.0.3SP1 (build: CVSTag=JBoss_4_0_3_SP1 date=200510231054)' implVendor='JBoss.org' implTitle='JBoss [Zion]' implVendorID='http://www.jboss.org/' implURL='http://www.jboss.org/' sealed='false' md5Digest='99fc9d6580fe8ffdcc04a033b6a3fc1a' />
	<jar name='jpl-pattern.jar' specVersion='4.0.3' specVendor='JBoss (http://www.jboss.org/)' specTitle='JBoss' implVersion='4.0.3SP1 (build: CVSTag=JBoss_4_0_3_SP1 date=200510241213)' implVendor='JBoss Inc.' implTitle='JBoss [Zion]' implVendorID='http://www.jboss.org/' implURL='http://www.jboss.org/' sealed='false' md5Digest='6da98ae025bfeb912b04f08d263756f1' />
	<jar name='jpl-util.jar' specVersion='4.0.3' specVendor='JBoss (http://www.jboss.org/)' specTitle='JBoss' implVersion='4.0.3SP1 (build: CVSTag=JBoss_4_0_3_SP1 date=200510241213)' implVendor='JBoss Inc.' implTitle='JBoss [Zion]' implVendorID='http://www.jboss.org/' implURL='http://www.jboss.org/' sealed='false' md5Digest='cebf6b5fefe35144245ce3461b7a9117' />
	<jar name='jstl.jar' specVersion='1.1' specVendor='JBoss (http://www.jboss.org/)' specTitle='JavaServer Pages Standard Tag Library (JSTL)' implVersion='1.1.0' implVendor='Sun Microsystems, Inc.' implTitle='JavaServer Pages Standard Tag Library API Reference Implementation' implVendorID='com.sun' implURL='http://www.jboss.org/' sealed='false' md5Digest='3c20740e236fc00f07d02d2bba95a3c3' />
	<jar name='juddi-service.jar' specVersion='4.0.3' specVendor='JBoss (http://www.jboss.org/)' specTitle='JBoss' implVersion='4.0.3SP1 (build: CVSTag=JBoss_4_0_3_SP1 date=200510231054)' implVendor='JBoss.org' implTitle='JBoss [Zion]' implVendorID='http://www.jboss.org/' implURL='http://www.jboss.org/' sealed='false' md5Digest='3ef3fbcddebb360ea494d2f7e692dc8d' />
	<jar name='juddi.jar' specVersion='4.0.3' specVendor='JBoss (http://www.jboss.org/)' specTitle='JBoss' implVersion='4.0.3SP1 (build: CVSTag=JBoss_4_0_3_SP1 date=200510241224)' implVendor='JBoss Inc.' implTitle='JBoss [Zion]' implVendorID='http://www.jboss.org/' implURL='http://www.jboss.org/' sealed='false' md5Digest='ff21cc00695fe2d5bb5e9bd34b90d77f' />
	<jar name='juddisaaj.jar' specVersion='4.0.3' specVendor='JBoss (http://www.jboss.org/)' specTitle='JBoss' implVersion='4.0.3SP1 (build: CVSTag=JBoss_4_0_3_SP1 date=200510231054)' implVendor='JBoss.org' implTitle='JBoss [Zion]' implVendorID='http://www.jboss.org/' implURL='http://www.jboss.org/' sealed='false' md5Digest='9e7d89cebef8ce902729ea6a40d68110' />
	<jar name='log4j-boot.jar' specVersion='4.0.3' specVendor='JBoss (http://www.jboss.org/)' specTitle='JBoss' implVersion='4.0.3SP1 (build: CVSTag=JBoss_4_0_3_SP1 date=200510241213)' implVendor='JBoss Inc.' implTitle='JBoss [Zion]' implVendorID='http://www.jboss.org/' implURL='http://www.jboss.org/' sealed='false' md5Digest='f7cde04f0afc24a1c7cb33dabfda3158' />
	<jar name='log4j.jar' specVersion='4.0.3' specVendor='JBoss (http://www.jboss.org/)' specTitle='JBoss' implVersion='4.0.3SP1 (build: CVSTag=JBoss_4_0_3_SP1 date=200510241213)' implVendor='JBoss Inc.' implTitle='JBoss [Zion]' implVendorID='http://www.jboss.org/' implURL='http://www.jboss.org/' sealed='false' md5Digest='5761f80a021eeed2c6c6b3e7bc6a500c' />
	<jar name='logging-monitor.jar' specVersion='4.0.3' specVendor='JBoss (http://www.jboss.org/)' specTitle='JBoss' implVersion='4.0.3SP1 (build: CVSTag=JBoss_4_0_3_SP1 date=200510231054)' implVendor='JBoss.org' implTitle='JBoss [Zion]' implVendorID='http://www.jboss.org/' implURL='http://www.jboss.org/' sealed='false' md5Digest='3835e5fdfe9798c00ea3b2431495bf5d' />
	<jar name='logkit.jar' specVersion='1.0' specVendor='Apache Software Foundation' specTitle='JBoss' implVersion='1.2' implVendor='Apache Software Foundation' implTitle='JBoss [Zion]' implVendorID='ASF' implURL='http://www.jboss.org/' sealed='false' md5Digest='cdd7bd43357f8a941f321473c79ba918' />
	<jar name='mail-plugin.jar' specVersion='4.0.3' specVendor='JBoss (http://www.jboss.org/)' specTitle='JBoss' implVersion='4.0.3SP1 (build: CVSTag=JBoss_4_0_3_SP1 date=200510231054)' implVendor='JBoss.org' implTitle='JBoss [Zion]' implVendorID='http://www.jboss.org/' implURL='http://www.jboss.org/' sealed='false' md5Digest='e97e9f39da31f62d76cbb7f911c0b7b6' />
	<jar name='mail-ra.rar' specVersion='4.0.3' specVendor='JBoss (http://www.jboss.org/)' specTitle='JBoss' implVersion='4.0.3SP1 (build: CVSTag=JBoss_4_0_3_SP1 date=200510231054)' implVendor='JBoss.org' implTitle='JBoss [Zion]' implVendorID='http://www.jboss.org/' implURL='http://www.jboss.org/' sealed='false' md5Digest='c5f663374fc500cd84338c11145839d2' />
	<jar name='mail.jar' specVersion='1.3' specVendor='Sun Microsystems, Inc.' specTitle='JavaMail(TM) API Design Specification' implVersion='1.3.1' implVendor='Sun Microsystems, Inc.' implTitle='JBoss [Zion]' implVendorID='com.sun' implURL='http://www.jboss.org/' sealed='false' md5Digest='4ede3001a0ae96f5a5dcd1572fd86ef6' />
	<jar name='myfaces-api.jar' specVersion='4.0.3' specVendor='JBoss (http://www.jboss.org/)' specTitle='JBoss' implVersion='4.0.3SP1 (build: CVSTag=JBoss_4_0_3_SP1 date=200510241213)' implVendor='JBoss Inc.' implTitle='JBoss [Zion]' implVendorID='http://www.jboss.org/' implURL='http://www.jboss.org/' sealed='false' md5Digest='1f96aa24a2a46b62e10b683fa1870b84' />
	<jar name='myfaces-impl.jar' specVersion='4.0.3' specVendor='JBoss (http://www.jboss.org/)' specTitle='JBoss' implVersion='4.0.3SP1 (build: CVSTag=JBoss_4_0_3_SP1 date=200510241213)' implVendor='JBoss Inc.' implTitle='JBoss [Zion]' implVendorID='http://www.jboss.org/' implURL='http://www.jboss.org/' sealed='false' md5Digest='908e6d686c0753601da8c4f0e08cad61' />
	<jar name='namespace.jar' specVersion='4.0.3' specVendor='JBoss (http://www.jboss.org/)' specTitle='JBoss' implVersion='4.0.3SP1 (build: CVSTag=JBoss_4_0_3_SP1 date=200510231054)' implVendor='JBoss.org' implTitle='JBoss [Zion]' implVendorID='http://www.jboss.org/' implURL='http://www.jboss.org/' sealed='false' md5Digest='ccc103ff7a1a8a006a2aab4b5af9f63' />
	<jar name='naming-resources.jar' specVersion='4.0.3' specVendor='JBoss (http://www.jboss.org/)' specTitle='JBoss' implVersion='4.0.3SP1 (build: CVSTag=JBoss_4_0_3_SP1 date=200510241213)' implVendor='JBoss Inc.' implTitle='JBoss [Zion]' implVendorID='http://www.jboss.org/' implURL='http://www.jboss.org/' sealed='false' md5Digest='f1d014814cee056e5c7a88daba74fd21' />
	<jar name='netboot.war' specVersion='4.0.3' specVendor='JBoss (http://www.jboss.org/)' specTitle='JBoss' implVersion='4.0.3SP1 (build: CVSTag=JBoss_4_0_3_SP1 date=200510241213)' implVendor='JBoss Inc.' implTitle='JBoss [Zion]' implVendorID='http://www.jboss.org/' implURL='http://www.jboss.org/' sealed='false' md5Digest='978d9d3377bb4a6f5ddfab65c1924a12' />
	<jar name='otherimages.jar' specVersion='4.0.3' specVendor='JBoss (http://www.jboss.org/)' specTitle='JBoss' implVersion='4.0.3SP1 (build: CVSTag=JBoss_4_0_3_SP1 date=200510241224)' implVendor='JBoss Inc.' implTitle='JBoss [Zion]' implVendorID='http://www.jboss.org/' implURL='http://www.jboss.org/' sealed='false' md5Digest='56c1400a99d909adc30f3886e79cfa00' />
	<jar name='properties-plugin.jar' specVersion='4.0.3' specVendor='JBoss (http://www.jboss.org/)' specTitle='JBoss' implVersion='4.0.3SP1 (build: CVSTag=JBoss_4_0_3_SP1 date=200510231054)' implVendor='JBoss.org' implTitle='JBoss [Zion]' implVendorID='http://www.jboss.org/' implURL='http://www.jboss.org/' sealed='false' md5Digest='98bd90a5cf9ef26f67646af4ba004db' />
	<jar name='resolver.jar' specVersion='4.0.3' specVendor='JBoss (http://www.jboss.org/)' specTitle='JBoss' implVersion='4.0.3SP1 (build: CVSTag=JBoss_4_0_3_SP1 date=200510241213)' implVendor='JBoss Inc.' implTitle='JBoss [Zion]' implVendorID='http://www.jboss.org/' implURL='http://www.jboss.org/' sealed='false' md5Digest='9db5ea89017cac8fe4d49980e476e64a' />
	<jar name='run.jar' specVersion='4.0.3' specVendor='JBoss (http://www.jboss.org/)' specTitle='JBoss' implVersion='4.0.3SP1 (build: CVSTag=JBoss_4_0_3_SP1 date=200510231054)' implVendor='JBoss.org' implTitle='JBoss [Zion]' implVendorID='http://www.jboss.org/' implURL='http://www.jboss.org/' sealed='false' md5Digest='1956204f1440f60d246a53dd0a184de5' />
	<jar name='scheduler-plugin-example.jar' specVersion='4.0.3' specVendor='JBoss (http://www.jboss.org/)' specTitle='JBoss' implVersion='4.0.3SP1 (build: CVSTag=JBoss_4_0_3_SP1 date=200510231054)' implVendor='JBoss.org' implTitle='JBoss [Zion]' implVendorID='http://www.jboss.org/' implURL='http://www.jboss.org/' sealed='false' md5Digest='c1d75cd7665d0b4c8ec2d67e66b22842' />
	<jar name='scheduler-plugin.jar' specVersion='4.0.3' specVendor='JBoss (http://www.jboss.org/)' specTitle='JBoss' implVersion='4.0.3SP1 (build: CVSTag=JBoss_4_0_3_SP1 date=200510231054)' implVendor='JBoss.org' implTitle='JBoss [Zion]' implVendorID='http://www.jboss.org/' implURL='http://www.jboss.org/' sealed='false' md5Digest='f9af0ce8d4308c2b98a36afb17f1f5b2' />
	<jar name='scout.jar' specVersion='4.0.3' specVendor='JBoss (http://www.jboss.org/)' specTitle='JBoss' implVersion='4.0.3SP1 (build: CVSTag=JBoss_4_0_3_SP1 date=200510241213)' implVendor='JBoss Inc.' implTitle='JBoss [Zion]' implVendorID='http://www.jboss.org/' implURL='http://www.jboss.org/' sealed='false' md5Digest='48f92105a14eb2da4aff0dab4544e89' />
	<jar name='servlets-default.jar' specVersion='4.0.3' specVendor='JBoss (http://www.jboss.org/)' specTitle='JBoss' implVersion='4.0.3SP1 (build: CVSTag=JBoss_4_0_3_SP1 date=200510241213)' implVendor='JBoss Inc.' implTitle='JBoss [Zion]' implVendorID='http://www.jboss.org/' implURL='http://www.jboss.org/' sealed='false' md5Digest='acbcd940958de780ca01afeaf7d27e98' />
	<jar name='servlets-invoker.jar' specVersion='4.0.3' specVendor='JBoss (http://www.jboss.org/)' specTitle='JBoss' implVersion='4.0.3SP1 (build: CVSTag=JBoss_4_0_3_SP1 date=200510241213)' implVendor='JBoss Inc.' implTitle='JBoss [Zion]' implVendorID='http://www.jboss.org/' implURL='http://www.jboss.org/' sealed='false' md5Digest='7f8d7889dceb445545fe91629da8cdad' />
	<jar name='servlets-webdav.jar' specVersion='4.0.3' specVendor='JBoss (http://www.jboss.org/)' specTitle='JBoss' implVersion='4.0.3SP1 (build: CVSTag=JBoss_4_0_3_SP1 date=200510241213)' implVendor='JBoss Inc.' implTitle='JBoss [Zion]' implVendorID='http://www.jboss.org/' implURL='http://www.jboss.org/' sealed='false' md5Digest='8d5b34cec1ef6d70c3d214103752ff6f' />
	<jar name='shutdown.jar' specVersion='4.0.3' specVendor='JBoss (http://www.jboss.org/)' specTitle='JBoss' implVersion='4.0.3SP1 (build: CVSTag=JBoss_4_0_3_SP1 date=200510231054)' implVendor='JBoss.org' implTitle='JBoss [Zion]' implVendorID='http://www.jboss.org/' implURL='http://www.jboss.org/' sealed='false' md5Digest='2cbde78747e9ffaf04522e98f9eea3d' />
	<jar name='snmp-adaptor.jar' specVersion='4.0.3' specVendor='JBoss (http://www.jboss.org/)' specTitle='JBoss' implVersion='4.0.3SP1 (build: CVSTag=JBoss_4_0_3_SP1 date=200510231054)' implVendor='JBoss.org' implTitle='JBoss [Zion]' implVendorID='http://www.jboss.org/' implURL='http://www.jboss.org/' sealed='false' md5Digest='d7b48debe496b947d2631ca1e18bf294' />
	<jar name='snmp-support.jar' specVersion='4.0.3' specVendor='JBoss (http://www.jboss.org/)' specTitle='Contains both JoeSNMP (LGPL Version) and SnmpTrapAppender (Apache License)' implVersion='4.0.3SP1 (build: CVSTag=JBoss_4_0_3_SP1 date=200510241213)' implVendor='JBoss Inc.' implTitle='JBoss [Zion]' implVendorID='http://www.jboss.org/' implURL='http://www.jboss.org/' sealed='false' md5Digest='e9ffee4207177b746f8fc1d77db9b8f' />
	<jar name='tomcat-ajp.jar' specVersion='4.0.3' specVendor='JBoss (http://www.jboss.org/)' specTitle='JBoss' implVersion='4.0.3SP1 (build: CVSTag=JBoss_4_0_3_SP1 date=200510241213)' implVendor='JBoss Inc.' implTitle='JBoss [Zion]' implVendorID='http://www.jboss.org/' implURL='http://www.jboss.org/' sealed='false' md5Digest='fbc4ec90f82cb07741dc96263b0a5d2b' />
	<jar name='tomcat-coyote.jar' specVersion='4.0.3' specVendor='JBoss (http://www.jboss.org/)' specTitle='JBoss' implVersion='4.0.3SP1 (build: CVSTag=JBoss_4_0_3_SP1 date=200510241213)' implVendor='JBoss Inc.' implTitle='JBoss [Zion]' implVendorID='http://www.jboss.org/' implURL='http://www.jboss.org/' sealed='false' md5Digest='70c9980fc0748996f4d82cd3d088b4a0' />
	<jar name='tomcat-http.jar' specVersion='4.0.3' specVendor='JBoss (http://www.jboss.org/)' specTitle='JBoss' implVersion='4.0.3SP1 (build: CVSTag=JBoss_4_0_3_SP1 date=200510241213)' implVendor='JBoss Inc.' implTitle='JBoss [Zion]' implVendorID='http://www.jboss.org/' implURL='http://www.jboss.org/' sealed='false' md5Digest='2ce0a38e7735a8294ad8910695cff07d' />
	<jar name='tomcat-util.jar' specVersion='3.0' specVendor='Apache Software Foundation' specTitle='JBoss' implVersion='5.1' implVendor='Apache Software Foundation' implTitle='JBoss [Zion]' implVendorID='org.apache' implURL='http://www.jboss.org/' sealed='false' md5Digest='4f360555da6a1c5543a5f6d77fdfae0f' />
	<jar name='tomcat55-service.jar' specVersion='4.0.3' specVendor='JBoss (http://www.jboss.org/)' specTitle='JBoss' implVersion='4.0.3SP1 (build: CVSTag=JBoss_4_0_3_SP1 date=200510231054)' implVendor='JBoss.org' implTitle='JBoss [Zion]' implVendorID='http://www.jboss.org/' implURL='http://www.jboss.org/' sealed='false' md5Digest='cac8b8c74f63b96808a36afa253e27d1' />
	<jar name='trove.jar' specVersion='4.0.3' specVendor='JBoss (http://www.jboss.org/)' specTitle='JBoss' implVersion='1.0.2' implVendor='JBoss Inc.' implTitle='GNU Trove for Java' implVendorID='http://www.jboss.org/' implURL='http://trove4j.sourceforge.net/' sealed='false' md5Digest='3866c46d9dccc2a5f92440bf2658f5e3' />
	<jar name='twiddle.jar' specVersion='4.0.3' specVendor='JBoss (http://www.jboss.org/)' specTitle='JBoss' implVersion='4.0.3SP1 (build: CVSTag=JBoss_4_0_3_SP1 date=200510231054)' implVendor='JBoss.org' implTitle='JBoss [Zion]' implVendorID='http://www.jboss.org/' implURL='http://www.jboss.org/' sealed='false' md5Digest='92c7722f6f31d2cce990331ebddde57c' />
	<jar name='uuid-key-generator.sar' specVersion='4.0.3' specVendor='JBoss (http://www.jboss.org/)' specTitle='JBoss' implVersion='4.0.3SP1 (build: CVSTag=JBoss_4_0_3_SP1 date=200510231054)' implVendor='JBoss.org' implTitle='JBoss [Zion]' implVendorID='http://www.jboss.org/' implURL='http://www.jboss.org/' sealed='false' md5Digest='ee293f0a44d34f0b1ac050e08c7ee275' />
	<jar name='webdavlib.jar' specVersion='2.0' specVendor='Apache Software Foundation' specTitle='Slide' implVersion='2.0' implVendor='Apache Software Foundation' implTitle='Slide' implVendorID='http://www.jboss.org/' implURL='http://www.jboss.org/' sealed='false' md5Digest='e791d473fa6bdc6f2b4c9239e60fb7c3' />
	<jar name='wsdl4j.jar' specVersion='1.0' specVendor='IBM (Java Community Process)' specTitle='JWSDL' implVersion='1.4' implVendor='IBM' implTitle='WSDL4J' implVendorID='http://www.jboss.org/' implURL='http://www.jboss.org/' sealed='false' md5Digest='d9bc8c0e18a58ed054207cf9467f0a47' />
	<jar name='xalan.jar' specVersion='4.0.3' specVendor='JBoss (http://www.jboss.org/)' specTitle='JBoss' implVersion='4.0.3SP1 (build: CVSTag=JBoss_4_0_3_SP1 date=200510241213)' implVendor='JBoss Inc.' implTitle='JBoss [Zion]' implVendorID='http://www.jboss.org/' implURL='http://www.jboss.org/' sealed='false' md5Digest='859c4bc4733c3dac87e9318d0858a2be' />
	<jar name='xdoclet-module-jboss-net.jar' specVersion='4.0.3' specVendor='JBoss (http://www.jboss.org/)' specTitle='JBoss' implVersion='4.0.3SP1 (build: CVSTag=JBoss_4_0_3_SP1 date=200510241213)' implVendor='JBoss Inc.' implTitle='JBoss [Zion]' implVendorID='http://www.jboss.org/' implURL='http://www.jboss.org/' sealed='false' md5Digest='a5f648f49cf8815a1b71f52bd9486504' />
	<jar name='xercesImpl.jar' specVersion='4.0.3' specVendor='JBoss (http://www.jboss.org/)' specTitle='JBoss' implVersion='4.0.3SP1 (build: CVSTag=JBoss_4_0_3_SP1 date=200510241213)' implVendor='JBoss Inc.' implTitle='JBoss [Zion]' implVendorID='http://www.jboss.org/' implURL='http://www.jboss.org/' sealed='false' md5Digest='f7fbf3896fc49472b08101c2fc158d00' />
	<jar name='xml-apis.jar' specVersion='4.0.3' specVendor='JBoss (http://www.jboss.org/)' specTitle='JBoss' implVersion='4.0.3SP1 (build: CVSTag=JBoss_4_0_3_SP1 date=200510241213)' implVendor='JBoss Inc.' implTitle='JBoss [Zion]' implVendorID='http://www.jboss.org/' implURL='http://www.jboss.org/' sealed='false' md5Digest='b1c252c702dc327675f908c2d2dcdf04' />
	<jar name='xmlentitymgr.jar' specVersion='4.0.3' specVendor='JBoss (http://www.jboss.org/)' specTitle='JBoss' implVersion='4.0.3SP1 (build: CVSTag=JBoss_4_0_3_SP1 date=200510231054)' implVendor='JBoss.org' implTitle='JBoss [Zion]' implVendorID='http://www.jboss.org/' implURL='http://www.jboss.org/' sealed='false' md5Digest='e994c5c9fedf5490693e94853df25027' />
</jar-versions>
