<?xml version="1.0" encoding="UTF-8"?>

	<!--
		The profile service $Id: profile.xml 86739 2009-04-03 12:05:06Z
		emuckenhuber $
	-->
<deployment xmlns="urn:jboss:bean-deployer:2.0">

	<classloader><inject bean="profile-classloader:0.0.0" /></classloader>

	<classloader name="profile-classloader" xmlns="urn:jboss:classloader:1.0"
		export-all="NON_EMPTY" import-all="true">
		<root>${jboss.lib.url}jboss-profileservice-spi.jar</root>
		<root>${jboss.lib.url}jboss-profileservice-domain.jar</root>
		<root>${jboss.lib.url}jboss-profileservice-core.jar</root>
		<root>${jboss.lib.url}jboss-profileservice-persistence.jar</root>
	</classloader>

	<!--
		The profile configuration This contains required properties: 
		The uri to the deployers folder. A list of uris to deploy folders.
	-->
	<bean name="UserProfileFactory"
		class="org.jboss.system.server.profileservice.bootstrap.StaticBootstrapProfileFactory">
		<property name="confURI">${jboss.server.config.url}</property>
		<property name="deployersURI">${jboss.server.home.url}deployers</property>
		<property name="applicationURIs">
			<list elementClass="java.net.URI">
				<value>${jboss.server.home.url}deploy</value>
			</list>
		</property>
		<property name="attachmentStoreRoot">${jboss.server.data.dir}/attachments</property>
        <property name="scanPeriod"><inject bean="ScanPeriod"/></property>
	</bean>

    <!-- The scan period in seconds -->
    <bean name="ScanPeriod" class="org.jboss.profileservice.profile.metadata.plugin.ScanPeriod">
        <property name="scanPeriod">5</property>
    </bean>


	<!-- The profile service configuration -->
	<bean name="ProfileServiceConfig" class="org.jboss.profileservice.config.ProfileServiceConfig">
		<property name="deployerRegistry"><inject bean="ProfileDeployerPluginRegistry" /></property>
		<property name="profileFactory"><inject bean="TypedProfileFactory" /></property>
		<property name="lifeCycleActions"><inject bean="ProfileLifeCycleCallbackActions" /></property>
	</bean>

	<!-- The Profile Service Bootstrap -->
	<bean name="ProfileServiceBootstrap" class="org.jboss.system.server.profileservice.bootstrap.BasicProfileServiceBootstrap">
		<constructor>
			<parameter><inject bean="jboss.kernel:service=Kernel" /></parameter>
			<parameter><inject bean="ProfileServiceConfig" /></parameter>
		</constructor>
		<property name="profileFactory"><inject bean="UserProfileFactory" /></property>
		<property name="hdScannerFactory"><inject bean="HDScannerFactory" /></property>
	</bean>
	
	<!-- A deployerPlugin registry - used when we have to swap the deployer -->
	<bean name="ProfileDeployerPluginRegistry" class="org.jboss.profileservice.deployment.ProfileDeployerPluginRegistry">
		<constructor><parameter><inject bean="jboss.kernel:service=Kernel" /></parameter></constructor>
	</bean>
	
	<bean name="MainDeployerPlugin" class="org.jboss.system.server.profileservice.deployers.MainDeployerPlugin">
		<constructor>
			<parameter><inject bean="MainDeployer" /></parameter>
			<parameter><inject bean="ProfileDeployerPluginRegistry" /></parameter>
		</constructor>
	</bean>

	<bean name="BasicProfileFactory" class="org.jboss.profileservice.profile.BasicProfileFactory">
		<constructor><parameter><inject bean="ProfileServiceConfig" /></parameter></constructor>
		<property name="repositoryManager"><inject bean="ArtifactRepositoryManager" /></property>
	</bean>
	
	<!-- The profile repository factory -->
	<bean name="ProfileRepositoryFactory" class="org.jboss.system.server.profileservice.repository.TypedProfileRepository">
		<!-- Accept any DeploymentRepositoryFactory -->
		<incallback method="addRepositoryFactory" />
		<uncallback method="removeRepositoryFactory" />
	</bean>
	
	<bean name="ScanningProfileFactory" class="org.jboss.profileservice.profile.ScanningProfileFactory">
		<constructor><parameter><inject bean="ProfileServiceConfig" /></parameter></constructor>
		<property name="repositoryManager"><inject bean="ArtifactRepositoryManager" /></property>
		<property name="modificationChecker"><inject bean="DelegateModificationChecker" /></property>	
	</bean>
	
	<!-- The bootstrap profile factory -->
	<bean name="BootstrapProfileFactory" class="org.jboss.profileservice.profile.bootstrap.BootstrapProfileFactory">
		<constructor><parameter><inject bean="ProfileServiceConfig" /></parameter></constructor>
		<property name="repositoryManager"><inject bean="ArtifactRepositoryManager" /></property>
	</bean>
	
	<!-- The virtual deployment repository -->
	<bean name="ArtifactRepositoryManager" class="org.jboss.profileservice.repository.artifact.ArtifactRepositoryManager">
		<incallback method="addRepository" />
		<incallback method="addRepositoryFactory" />
		<uncallback method="removeRepository" />
		<uncallback method="removeRepositoryFactory" />
	</bean>
	
	<!-- The profile factories -->
	<bean name="TypedProfileFactory" class="org.jboss.profileservice.TypedProfileFactory">
		<incallback method="addProfileFactory" />
		<uncallback method="removeProfileFactory" />
	</bean>
	
	<!-- The management action controller -->
	<bean name="ActionController" class="org.jboss.profileservice.management.AbstractActionController">
		<incallback method="addListener" />
		<uncallback method="removeListener" />
	</bean>
	
	<!-- The lifecycle callback action registry -->
	<bean name="ProfileLifeCycleCallbackActions" class="org.jboss.profileservice.dependency.plugin.ProfileLifeCycleCallbackActions">
		<constructor><parameter><inject bean="ActionController" /></parameter></constructor>
		<incallback method="addCallback" />
		<uncallback method="removeCallback" />
	</bean>
	
	<bean name="FileArtifactRepositoryFactory" class="org.jboss.profileservice.repository.artifact.file.FileArtifactRepositoryFactory">
		<constructor>
			<parameter class="java.net.URI">${jboss.server.home.url}</parameter>
			<parameter><inject bean="ProfileServiceConfig" /></parameter>
		</constructor>
	</bean>
	
	<bean name="MavenArtifactMetaData" class="org.jboss.profileservice.repository.artifact.maven.MavenArtifactRepositoryMetaData" />
	<bean name="MavenArtifactRepository" class="org.jboss.profileservice.repository.artifact.maven.LocalMavenArtifactRepository">
		<constructor>
			<parameter><inject bean="MavenArtifactMetaData" /></parameter>
			<parameter class="java.net.URI">${jboss.server.home.url}</parameter>
		</constructor>
	</bean>

	<!-- The structure modification cache and checker -->
	<bean name="StructureModCache" class="org.jboss.deployers.vfs.spi.structure.modified.DefaultStructureCache">
		<destroy method="flush" />
	</bean>

	<!-- This just checks metadata locations -->
	<bean name="StructureModificationChecker" class="org.jboss.deployers.vfs.spi.structure.modified.MetaDataStructureModificationChecker">
		<constructor><parameter><inject bean="MainDeployer" /></parameter></constructor>
		<property name="cache"><inject bean="StructureModCache" /></property>
		<property name="filter"><inject bean="FileStructure" /></property>
	</bean>

	<!-- We just visit wars, but exclude classes, lib, dev dirs -->
	<bean name="WebVisitorAttributes" class="org.jboss.vfs.util.IncludeExcludeVisitorAttributes">
		<constructor>
			<parameter>
				<set>
					<value>.war</value>
				</set>
			</parameter>
			<parameter>
				<set>
					<value>WEB-INF/classes</value>
					<value>WEB-INF/lib</value>
					<value>WEB-INF/dev</value>
				</set>
			</parameter>
		</constructor>
	</bean>

	<bean name="DelegateModificationChecker" class="org.jboss.system.server.profileservice.deployers.DelegateModificationChecker">
		<property name="modificationChecker"><inject bean="StructureModificationChecker" /></property>
	</bean>

	<bean name="HDScannerFactory" class="org.jboss.profileservice.deployment.hotdeploy.DefaultHDScannerFactory">
		<constructor><parameter><inject bean="ActionController" /></parameter></constructor>
	</bean>
	<bean name="HDScannerCallbackAction" class="org.jboss.profileservice.deployment.hotdeploy.HDScannerLifeCycleCallback">
		<constructor><parameter><inject bean="HDScannerFactory" /></parameter></constructor>
	</bean>

	<!--
		A persistence factory for creating the persisted format of
		ManagedComponents
	-->
	<bean name="PersistenceFactory" class="org.jboss.profileservice.persistence.AbstractPersistenceFactory">
		<constructor><parameter><inject bean="ManagedObjectFactory" /></parameter></constructor>
		<!-- Accept any ComponentMapper -->
		<incallback method="addComponentMapper" />
		<incallback method="addPersistencePlugin" />

		<uncallback method="removeComponentMapper" />
		<!-- Accept any ManagedObjectPersistencePlugin -->
		<uncallback method="removePersistencePlugin" />
	</bean>

	<!-- The persistence repository -->
	<bean name="PersistenceRepository"
		class="org.jboss.system.server.profileservice.persistence.AbstractPersistenceRepository">
		<constructor><parameter class="java.io.File"><inject bean="UserProfileFactory" property="attachmentStoreRoot" /></parameter></constructor>
		<property name="mainDeployer"><inject bean="MainDeployer" /></property>
		<property name="serializer"><inject bean="AttachmentsSerializer" /></property>
		<property name="persistenceFactory"><inject bean="PersistenceFactory" /></property>
	</bean>

	<bean name="AttachmentsSerializer" class="org.jboss.system.server.profileservice.persistence.JAXBAttachmentSerializer">
		<constructor><parameter><inject bean="UserProfileFactory" property="attachmentStoreRoot" /></parameter></constructor>
	</bean>

	<bean name="ProfileServicePersistenceDeployer" class="org.jboss.system.server.profileservice.persistence.deployer.ProfileServicePersistenceDeployer">
		<property name="persistenceRepository"><inject bean="PersistenceRepository" /></property>
	</bean>

	<bean name="KernelDeploymentComponentMapper" class="org.jboss.deployers.plugins.managed.KernelDeploymentComponentMapper">
		<constructor><parameter><inject bean="PersistenceFactory" /></parameter></constructor>
	</bean>
	<bean name="ServiceDeploymentComponentMapper" class="org.jboss.system.deployers.managed.ServiceDeploymentComponentMapper">
		<constructor><parameter><inject bean="PersistenceFactory" /></parameter>
		</constructor>
	</bean>

</deployment>
