<?xml version="1.0" encoding="UTF-8"?>
<deployment xmlns="urn:jboss:bean-deployer:2.0">

    <!--
        This is an example transaction-jboss-beans.xml file suitable for installing
        JBossTS 4.13.1.Final JTS into AS 6.0 M5.
        You need a different version of this file for JTA mode.
        You don't need a jbossts-properties.xml in the AS anymore, it's all done by the beans below.

         jonathan.halliday@redhat.com, 2010-10
    -->

    <bean name="RecoveryEnvironmentBean" class="com.arjuna.ats.arjuna.common.RecoveryEnvironmentBean">

        <annotation>@org.jboss.aop.microcontainer.aspects.jmx.JMX(name="jboss.jta:name=RecoveryEnvironmentBean", exposedInterface=com.arjuna.ats.arjuna.common.RecoveryEnvironmentBeanMBean.class, registerDirectly=true)</annotation>

        <constructor factoryClass="com.arjuna.ats.arjuna.common.recoveryPropertyManager" factoryMethod="getRecoveryEnvironmentBean"/>

        <property name="recoveryInetAddress">
            <value-factory bean="ServiceBindingManager"
                           method="getInetAddressBinding">
                <parameter>TransactionManager</parameter>
                <parameter>recoveryManager</parameter>
            </value-factory>
        </property>
        <property name="recoveryPort">
            <value-factory bean="ServiceBindingManager"
                           method="getIntBinding" >
                <parameter>TransactionManager</parameter>
                <parameter>recoveryManager</parameter>
            </value-factory>
        </property>

        <property name="transactionStatusManagerInetAddress">
            <value-factory bean="ServiceBindingManager"
                           method="getInetAddressBinding">
                <parameter>TransactionManager</parameter>
                <parameter>transactionStatusManager</parameter>
            </value-factory>
        </property>
        <property name="transactionStatusManagerPort">
            <value-factory bean="ServiceBindingManager"
                           method="getIntBinding" >
                <parameter>TransactionManager</parameter>
                <parameter>transactionStatusManager</parameter>
            </value-factory>
        </property>

        <property name="recoveryExtensions" preinstantiate="false">
            <list elementClass="java.lang.String">
                <value>com.arjuna.ats.internal.arjuna.recovery.AtomicActionRecoveryModule</value>
                <value>com.arjuna.ats.internal.txoj.recovery.TORecoveryModule</value>
                <value>com.arjuna.ats.internal.jts.recovery.transactions.TopLevelTransactionRecoveryModule</value>
                <value>com.arjuna.ats.internal.jts.recovery.transactions.ServerTransactionRecoveryModule</value>
                <value>com.arjuna.ats.internal.jta.recovery.jts.XARecoveryModule</value>
            </list>
        </property>

        <property name="expiryScanners" preinstantiate="false">
            <list elementClass="java.lang.String">
                <value>com.arjuna.ats.internal.arjuna.recovery.ExpiredTransactionStatusManagerScanner</value>
                <value>com.arjuna.ats.internal.jts.recovery.contact.ExpiredContactScanner</value>
                <value>com.arjuna.ats.internal.jts.recovery.transactions.ExpiredToplevelScanner</value>
                <value>com.arjuna.ats.internal.jts.recovery.transactions.ExpiredServerScanner</value>
            </list>
        </property>

        <property name="recoveryActivators" preinstantiate="false">
            <list elementClass="java.lang.String">
                <value>com.arjuna.ats.internal.jts.orbspecific.recovery.RecoveryEnablement</value>
            </list>
        </property>

    </bean>

    <bean name="CoreEnvironmentBean" class="com.arjuna.ats.arjuna.common.CoreEnvironmentBean">

        <annotation>@org.jboss.aop.microcontainer.aspects.jmx.JMX(name="jboss.jta:name=CoreEnvironmentBean", exposedInterface=com.arjuna.ats.arjuna.common.CoreEnvironmentBeanMBean.class, registerDirectly=true)</annotation>

        <constructor factoryClass="com.arjuna.ats.arjuna.common.arjPropertyManager" factoryMethod="getCoreEnvironmentBean"/>

        <property name="socketProcessIdPort">
            <value-factory bean="ServiceBindingManager"
                           method="getIntBinding">
                <parameter>TransactionManager</parameter>
                <parameter>socketProcessId</parameter>
            </value-factory>
        </property>

        <property name="nodeIdentifier">1</property>

        <property name="socketProcessIdMaxPorts">10</property>

    </bean>

    <bean name="CoordinatorEnvironmentBean" class="com.arjuna.ats.arjuna.common.CoordinatorEnvironmentBean">

        <annotation>@org.jboss.aop.microcontainer.aspects.jmx.JMX(name="jboss.jta:name=CoordinatorEnvironmentBean", exposedInterface=com.arjuna.ats.arjuna.common.CoordinatorEnvironmentBeanMBean.class, registerDirectly=true)</annotation>

        <constructor factoryClass="com.arjuna.ats.arjuna.common.arjPropertyManager" factoryMethod="getCoordinatorEnvironmentBean"/>

        <property name="enableStatistics">false</property>
        <property name="defaultTimeout">300</property>
    </bean>

    <bean name="ActionStoreObjectStoreEnvironmentBean" class="com.arjuna.ats.arjuna.common.ObjectStoreEnvironmentBean">

        <annotation>@org.jboss.aop.microcontainer.aspects.jmx.JMX(name="jboss.jta:name=ActionStoreObjectStoreEnvironmentBean", exposedInterface=com.arjuna.ats.arjuna.common.ObjectStoreEnvironmentBeanMBean.class, registerDirectly=true)</annotation>

        <constructor factoryClass="com.arjuna.common.internal.util.propertyservice.BeanPopulator" factoryMethod="getNamedInstance">
            <parameter>com.arjuna.ats.arjuna.common.ObjectStoreEnvironmentBean</parameter>
            <parameter>default</parameter>
        </constructor>

        <property name="objectStoreDir">${jboss.server.data.dir}/tx-object-store</property>
    </bean>

    <bean name="StateStoreObjectStoreEnvironmentBean" class="com.arjuna.ats.arjuna.common.ObjectStoreEnvironmentBean">

        <annotation>@org.jboss.aop.microcontainer.aspects.jmx.JMX(name="jboss.jta:name=StateStoreObjectStoreEnvironmentBean", exposedInterface=com.arjuna.ats.arjuna.common.ObjectStoreEnvironmentBeanMBean.class, registerDirectly=true)</annotation>

        <constructor factoryClass="com.arjuna.common.internal.util.propertyservice.BeanPopulator" factoryMethod="getNamedInstance">
            <parameter>com.arjuna.ats.arjuna.common.ObjectStoreEnvironmentBean</parameter>
            <parameter>stateStore</parameter>
        </constructor>

        <property name="objectStoreDir">${jboss.server.data.dir}/tx-object-store</property>
    </bean>

    <bean name="CommunicationStoreObjectStoreEnvironmentBean" class="com.arjuna.ats.arjuna.common.ObjectStoreEnvironmentBean">

        <annotation>@org.jboss.aop.microcontainer.aspects.jmx.JMX(name="jboss.jta:name=CommunicationStoreObjectStoreEnvironmentBean", exposedInterface=com.arjuna.ats.arjuna.common.ObjectStoreEnvironmentBeanMBean.class, registerDirectly=true)</annotation>

        <constructor factoryClass="com.arjuna.common.internal.util.propertyservice.BeanPopulator" factoryMethod="getNamedInstance">
            <parameter>com.arjuna.ats.arjuna.common.ObjectStoreEnvironmentBean</parameter>
            <parameter>communicationStore</parameter>
        </constructor>

        <property name="objectStoreDir">${jboss.server.data.dir}/tx-object-store</property>
    </bean>

    <bean name="ObjectStoreBrowserBean" class="com.arjuna.ats.arjuna.tools.osb.mbean.ObjStoreBrowser">

        <demand state="Create">TransactionManager</demand>

        <property name="types" preinstantiate="false">
            <map keyClass="java.lang.String" valueClass="java.lang.String">
				<entry>
					<key>StateManager/BasicAction/TwoPhaseCoordinator/ArjunaTransactionImple</key>
					<value>com.arjuna.ats.arjuna.tools.osb.mbean.ActionBean</value>
				</entry>
                <entry>
                    <key>StateManager/BasicAction/TwoPhaseCoordinator/AtomicAction</key>
                    <value>com.arjuna.ats.internal.jta.tools.osb.mbean.jta.JTAActionBean</value>
                </entry>
            </map>
        </property>

    </bean>

    <bean name="JTAEnvironmentBean" class="com.arjuna.ats.jta.common.JTAEnvironmentBean">

        <annotation>@org.jboss.aop.microcontainer.aspects.jmx.JMX(name="jboss.jta:name=JTAEnvironmentBean", exposedInterface=com.arjuna.ats.jta.common.JTAEnvironmentBeanMBean.class, registerDirectly=true)</annotation>

        <constructor factoryClass="com.arjuna.ats.jta.common.jtaPropertyManager" factoryMethod="getJTAEnvironmentBean"/>

        <property name="lastResourceOptimisationInterface">org.jboss.tm.LastResource</property>

        <property name="transactionManagerClassName">com.arjuna.ats.jbossatx.jts.TransactionManagerDelegate</property>
        <property name="userTransactionClassName">com.arjuna.ats.internal.jta.transaction.jts.UserTransactionImple</property>
        <property name="transactionSynchronizationRegistryClassName">com.arjuna.ats.internal.jta.transaction.jts.TransactionSynchronizationRegistryImple</property>

        <property name="xaRecoveryNodes" preinstantiate="false">
            <list elementClass="java.lang.String">
                <value>1</value>
            </list>
        </property>

        <property name="xaResourceOrphanFilterClassNames" preinstantiate="false">
            <list elementClass="java.lang.String">
                <value>com.arjuna.ats.internal.jta.recovery.arjunacore.JTATransactionLogXAResourceOrphanFilter</value>
                <value>com.arjuna.ats.internal.jta.recovery.arjunacore.JTANodeNameXAResourceOrphanFilter</value>
            </list>
        </property>

    </bean>

    <bean name="RecoveryManager" class="com.arjuna.ats.jbossatx.jts.RecoveryManagerService">

        <constructor>
            <parameter><inject bean="jboss:service=CorbaORB" property="ORB"/></parameter>
        </constructor>

        <demand state="Create">RecoveryEnvironmentBean</demand>
        <demand state="Create">ActionStoreObjectStoreEnvironmentBean</demand>
        <demand state="Create">StateStoreObjectStoreEnvironmentBean</demand>
        <demand state="Create">CommunicationStoreObjectStoreEnvironmentBean</demand>

    </bean>

    <bean name="XATerminator" class="com.arjuna.ats.internal.jbossatx.jts.jca.XATerminator"/>

    <bean name="TransactionSynchronizationRegistry" class="com.arjuna.ats.internal.jta.transaction.jts.TransactionSynchronizationRegistryImple"/>

    <bean name="TransactionManager" class="com.arjuna.ats.jbossatx.jts.TransactionManagerService">
        <annotation>@org.jboss.aop.microcontainer.aspects.jmx.JMX(name="jboss:service=TransactionManager", exposedInterface=com.arjuna.ats.jbossatx.jts.TransactionManagerServiceMBean.class, registerDirectly=true)</annotation>
        <annotation>@org.jboss.managed.api.annotation.ManagementObject(name="TransactionManager",componentType=@org.jboss.managed.api.annotation.ManagementComponent(type = "MCBean", subtype = "JTA"),targetInterface=com.arjuna.ats.jbossatx.jts.TransactionManagerServiceMBean.class)</annotation>

        <property name="jbossXATerminator"><inject bean="XATerminator"/></property>
        <property name="transactionSynchronizationRegistry"><inject bean="TransactionSynchronizationRegistry"/></property>

        <start>
            <parameter><inject bean="jboss:service=CorbaORB" property="ORB"/></parameter>
        </start>

        <demand state="Create">RecoveryEnvironmentBean</demand>
        <demand state="Create">CoreEnvironmentBean</demand>
        <demand state="Create">CoordinatorEnvironmentBean</demand>
        <demand state="Create">ActionStoreObjectStoreEnvironmentBean</demand>
        <demand state="Create">StateStoreObjectStoreEnvironmentBean</demand>
        <demand state="Create">CommunicationStoreObjectStoreEnvironmentBean</demand>
        <demand state="Create">JTAEnvironmentBean</demand>
        <demand>RecoveryManager</demand>

        <!-- the TransactionManager itself does not depend on JNDI, but some things that expect to be able to do
          JNDI lookups express a dependency on the TM rather than the JNDI bindings, so we need to placate them -->
        <demand>TransactionManagerJNDIBinding</demand>
        <demand>TransactionSynchronizationRegistryJNDIBinding</demand>
        <demand>TransactionPropagationContextImporterJNDIBinding</demand>
        <demand>TransactionPropagationContextExporterJNDIBinding</demand>

    </bean>

    <bean name="TransactionStatistics" class="com.arjuna.ats.arjuna.coordinator.TxStats">

        <annotation>@org.jboss.aop.microcontainer.aspects.jmx.JMX(name="jboss.jta:name=TransactionStatistics", exposedInterface=com.arjuna.ats.arjuna.coordinator.TxStatsMBean.class, registerDirectly=true)</annotation>
        <annotation>@org.jboss.managed.api.annotation.ManagementObject(name="TransactionStatistics",componentType=@org.jboss.managed.api.annotation.ManagementComponent(type = "MCBean", subtype = "JTA"),targetInterface=com.arjuna.ats.arjuna.coordinator.TxStatsMBean.class)</annotation>

        <constructor factoryClass="com.arjuna.ats.arjuna.coordinator.TxStats" factoryMethod="getInstance"/>
    </bean>

    <bean name="TransactionManagerJNDIBinding" class="com.arjuna.ats.jta.utils.JNDIReferenceBindingBean">

        <property name="bindName">java:/TransactionManager</property>
        <property name="className">
            <inject bean="JTAEnvironmentBean" property="transactionManagerClassName"/>
        </property>
        <property name="factory">
            <inject bean="JTAEnvironmentBean" property="transactionManagerClassName"/>
        </property>

        <install method="bind"/>
        <uninstall method="unbind"/>
    </bean>

    <bean name="TransactionSynchronizationRegistryJNDIBinding" class="com.arjuna.ats.jta.utils.JNDIReferenceBindingBean">

        <!-- It's the job of individual components (EJB3, web, etc) to copy the ref to the java:/comp space) -->
        <property name="bindName">java:/TransactionSynchronizationRegistry</property>
        <property name="className">
            <inject bean="JTAEnvironmentBean" property="transactionSynchronizationRegistryClassName"/>
        </property>
        <property name="factory">
            <inject bean="JTAEnvironmentBean" property="transactionSynchronizationRegistryClassName"/>
        </property>

        <install method="bind"/>
        <uninstall method="unbind"/>
    </bean>


    <bean name="TransactionPropagationContextImporterJNDIBinding" class="com.arjuna.ats.jta.utils.JNDIReferenceBindingBean">

        <property name="bindName">java:/TransactionPropagationContextImporter</property>
        <property name="className">com.arjuna.ats.internal.jbossatx.jts.PropagationContextManager</property>
        <property name="factory">com.arjuna.ats.internal.jbossatx.jts.PropagationContextManager</property>

        <install method="bind"/>
        <uninstall method="unbind"/>
    </bean>

    <bean name="TransactionPropagationContextExporterJNDIBinding" class="com.arjuna.ats.jta.utils.JNDIReferenceBindingBean">

        <property name="bindName">java:/TransactionPropagationContextExporter</property>
        <property name="className">com.arjuna.ats.internal.jbossatx.jts.PropagationContextManager</property>
        <property name="factory">com.arjuna.ats.internal.jbossatx.jts.PropagationContextManager</property>

        <install method="bind"/>
        <uninstall method="unbind"/>
    </bean>

    <!-- Ensure TransactionPropagationContextUtil's ref to TransactionPropagationContextFactory is set. See JBAS-7784. -->
    <bean name="TransactionPropagationContextFactory" class="org.jboss.tm.TransactionPropagationContextFactory">
        <constructor factoryClass="org.jboss.tm.TransactionPropagationContextUtil" factoryMethod="getTPCFactory"/>
        <!--  The factory method looks up the JNDI binding, so we depend on it -->
        <depends>TransactionPropagationContextExporterJNDIBinding</depends>
    </bean>

    <!-- Make javax.transaction.TransactionManager available for injection -->
    <bean name="RealTransactionManager">
      <constructor factoryMethod="getTransactionManager">
        <factory bean="TransactionManager"/>
      </constructor>
    </bean>

    <!-- Handles user transaction providers and listeners -->
    <bean name="UserTransactionRegistry" class="org.jboss.tm.usertx.UserTransactionRegistry">
      <!-- Register providers -->
      <incallback method="addProvider"/>
      <uncallback method="removeProvider"/>
      <!-- Register listeners -->
      <incallback method="addListener"/>
      <uncallback method="removeListener"/>
    </bean>

    <!-- The provider for default in process UserTransactions -->
    <bean name="DefaultUserTransactionprovider" class="org.jboss.tm.usertx.client.ServerVMClientUserTransaction">
       <constructor factoryClass="org.jboss.tm.usertx.client.ServerVMClientUserTransaction" factoryMethod="getSingleton"/>
       <demand>TransactionManager</demand>
    </bean>

</deployment>
