<!-- $Id: jsr88-service.xml,v 1.1 2006/05/31 09:42:53 neysseri Exp $
The JSR-88 DeploymentManager support services
-->
<server>
   <mbean code="org.jboss.deployment.services.DeploymentManagerService"
      name="jboss.management.local:type=JSR88DeploymentManager,name=DefaultManager">
      <attribute name="EARDeployer">jboss.j2ee:service=EARDeployer</attribute>
      <attribute name="EJBDeployer">jboss.ejb:service=EJBDeployer</attribute>
      <attribute name="RARDeployer">jboss.jca:service=RARDeployer</attribute>
      <attribute name="WARDeployer">jboss.web:service=WebServer</attribute>
      <attribute name="CARDeployer">jboss.j2ee:service=ClientDeployer</attribute>
      <attribute name="UploadDir">${jboss.server.temp.dir}/jsr88</attribute>
      <depends optional-attribute-name="MainDeployer">jboss.system:service=MainDeployer</depends>
   </mbean>
</server>
