<?xml version="1.0" encoding="ISO-8859-1"?>
<!-- ===================================================================== -->
<!--                                                                       -->
<!--  JBoss Server Configuration                                           -->
<!--                                                                       -->
<!-- ===================================================================== -->
<datasources>
    <local-tx-datasource>
        <jndi-name>Silverpeas</jndi-name>
        <connection-url>jdbc:postgresql://localhost:5432/SilverpeasV5</connection-url>
        <driver-class>org.postgresql.Driver</driver-class>
        <user-name>postgres</user-name>
        <password>postgres</password>
        <!-- sql to call when connection is created
	<new-connection-sql>some arbitrary sql</new-connection-sql>
	-->
        <!-- sql to call on an existing pooled connection when it is obtained from pool 
	<check-valid-connection-sql>some arbitrary sql</check-valid-connection-sql>
	-->
    </local-tx-datasource>
</datasources>

