<?xml version="1.0" encoding="UTF-8"?>

<!-- $Id: mimer-ds.xml 97536 2009-12-08 14:05:07Z jesper.pedersen $ -->

<!-- ==================================================================== -->
<!-- ConnectionManager setup for Mimer SQL for local transactions         -->
<!--                                                                      -->
<!-- Supplied by fredrik.alund@upright.se                                 -->
<!-- ==================================================================== -->

<!-- See http://www.jboss.org/community/wiki/Multiple1PC for information about local-tx-datasource -->

<datasources>
   <local-tx-datasource>
      <jndi-name>MimerDS</jndi-name>
      <driver-class>com.mimer.jdbc.Driver</driver-class>
      <connection-url>jdbc:mimer:multi1</connection-url>
      <user-name>changeme</user-name>
      <password>changeme</password>
      <min-pool-size>5</min-pool-size>
      <max-pool-size>100</max-pool-size>
      <blocking-timeout-millis>5000</blocking-timeout-millis>
      <idle-timeout-minutes>15</idle-timeout-minutes>

      <!-- corresponding type-mapping in the standardjbosscmp-jdbc.xml (optional) -->
      <metadata>
         <type-mapping>Mimer SQL</type-mapping>
      </metadata>
   </local-tx-datasource>
</datasources>
