<?xml version="1.0" encoding="UTF-8"?>

<!-- See http://www.jboss.org/community/wiki/Multiple1PC for information about local-tx-datasource -->
<!-- $Id: mysql-ds.xml 97536 2009-12-08 14:05:07Z jesper.pedersen $ -->
<!--  Datasource config for MySQL using 3.0.9 available from:
http://www.mysql.com/downloads/api-jdbc-stable.html
-->

<datasources>
  <local-tx-datasource>
    <jndi-name>MySqlDS</jndi-name>
    <connection-url>jdbc:mysql://mysql-hostname:3306/jbossdb</connection-url>
    <driver-class>com.mysql.jdbc.Driver</driver-class>
    <user-name>x</user-name>
    <password>y</password>
    <exception-sorter-class-name>org.jboss.resource.adapter.jdbc.vendor.MySQLExceptionSorter</exception-sorter-class-name>
    <!-- should only be used on drivers after 3.22.1 with "ping" support
    <valid-connection-checker-class-name>org.jboss.resource.adapter.jdbc.vendor.MySQLValidConnectionChecker</valid-connection-checker-class-name>
    -->
    <!-- sql to call when connection is created
    <new-connection-sql>some arbitrary sql</new-connection-sql>
      -->
    <!-- sql to call on an existing pooled connection when it is obtained from pool - MySQLValidConnectionChecker is preferred for newer drivers
    <check-valid-connection-sql>some arbitrary sql</check-valid-connection-sql>
      -->

    <!-- corresponding type-mapping in the standardjbosscmp-jdbc.xml (optional) -->
    <metadata>
       <type-mapping>mySQL</type-mapping>
    </metadata>
  </local-tx-datasource>
</datasources>

