<?xml version="1.0" encoding="UTF-8"?>

<!-- ===================================================================== -->
<!--                                                                       -->
<!--  JBoss Server Configuration                                           -->
<!--                                                                       -->
<!-- ===================================================================== -->

<datasources>
  <xa-datasource>
    <jndi-name>PostgresDS</jndi-name>
    <track-connection-by-tx>true</track-connection-by-tx> 
    <xa-datasource-class>org.postgresql.xa.PGXADataSource</xa-datasource-class>
    <xa-datasource-property name="ServerName">server_name</xa-datasource-property>
    <xa-datasource-property name="PortNumber">5432</xa-datasource-property>
    <xa-datasource-property name="DatabaseName">database_name</xa-datasource-property>
    <xa-datasource-property name="User">user</xa-datasource-property>
    <xa-datasource-property name="Password">password</xa-datasource-property>

        <!-- sql to call when connection is created.  Can be anything, select 1 is valid for PostgreSQL
        <new-connection-sql>select 1</new-connection-sql>
        -->

        <!-- sql to call on an existing pooled connection when it is obtained from pool.  Can be anything, select 1 is valid for PostgreSQL
        <check-valid-connection-sql>select 1</check-valid-connection-sql>
        -->

      <!-- corresponding type-mapping in the standardjbosscmp-jdbc.xml (optional) -->
      <metadata>
         <type-mapping>PostgreSQL 7.2</type-mapping>
      </metadata>

  </xa-datasource>
</datasources>
