<?xml version="1.0" encoding="UTF-8"?>

<!-- ===================================================================== -->
<!--                                                                       -->
<!--  JBoss Server Configuration                                           -->
<!--                                                                       -->
<!-- ===================================================================== -->

<!-- $Id: mssql-ds.xml,v 1.1 2006/05/31 09:42:48 neysseri Exp $ -->

  <!-- ======================================================================-->
  <!-- New ConnectionManager setup for Microsoft SQL Server 2000  driver     -->
  <!-- You may download the latest Microsoft JDBC driver from *Microsoft*    -->
  <!-- http://msdn.microsoft.com/downloads/default.asp?url=/downloads/sample.asp?url=/MSDN-FILES/027/001/779/msdncompositedoc.xml&frame=true -->
  <!-- ===================================================================== -->

<datasources>
  <local-tx-datasource>
    <jndi-name>MSSQLDS</jndi-name>
    <connection-url>jdbc:microsoft:sqlserver://localhost:1433;DatabaseName=MyDatabase</connection-url>
    <driver-class>com.microsoft.jdbc.sqlserver.SQLServerDriver</driver-class>
    <user-name>x</user-name>
    <password>y</password>
        <!-- sql to call when connection is created
        <new-connection-sql>some arbitrary sql</new-connection-sql>
        -->

        <!-- sql to call on an existing pooled connection when it is obtained from pool 
        <check-valid-connection-sql>some arbitrary sql</check-valid-connection-sql>
        -->

      <!-- corresponding type-mapping in the standardjbosscmp-jdbc.xml (optional) -->
      <metadata>
         <type-mapping>MS SQLSERVER2000</type-mapping>
      </metadata>
  </local-tx-datasource>

</datasources>
